-- phpMyAdmin SQL Dump
-- version 5.2.1
-- https://www.phpmyadmin.net/
--
-- Host: 127.0.0.1
-- Generation Time: Feb 15, 2024 at 03:14 AM
-- Server version: 10.4.32-MariaDB
-- PHP Version: 8.2.12

SET SQL_MODE = "NO_AUTO_VALUE_ON_ZERO";
START TRANSACTION;
SET time_zone = "+00:00";


/*!40101 SET @OLD_CHARACTER_SET_CLIENT=@@CHARACTER_SET_CLIENT */;
/*!40101 SET @OLD_CHARACTER_SET_RESULTS=@@CHARACTER_SET_RESULTS */;
/*!40101 SET @OLD_COLLATION_CONNECTION=@@COLLATION_CONNECTION */;
/*!40101 SET NAMES utf8mb4 */;

--
-- Database: `krishibazar`
--

-- --------------------------------------------------------

--
-- Table structure for table `buyer_categories`
--

CREATE TABLE `buyer_categories` (
  `buyer_id` int(11) NOT NULL,
  `category` varchar(100) NOT NULL
) ENGINE=InnoDB DEFAULT CHARSET=utf8mb4 COLLATE=utf8mb4_general_ci;

-- --------------------------------------------------------

--
-- Table structure for table `cart`
--

CREATE TABLE `cart` (
  `cart_id` int(11) NOT NULL,
  `user_id` int(11) DEFAULT NULL,
  `product_id` int(11) DEFAULT NULL,
  `added_at` timestamp NOT NULL DEFAULT current_timestamp(),
  `state` enum('cart','bought') DEFAULT 'cart'
) ENGINE=InnoDB DEFAULT CHARSET=utf8mb4 COLLATE=utf8mb4_general_ci;

-- --------------------------------------------------------

--
-- Table structure for table `dairy_meat_products`
--

CREATE TABLE `dairy_meat_products` (
  `id` int(11) NOT NULL,
  `user_id` int(11) DEFAULT NULL,
  `name` varchar(255) DEFAULT NULL,
  `image` varchar(255) DEFAULT NULL,
  `description` text DEFAULT NULL,
  `category` enum('dairy','meat','fish') DEFAULT NULL,
  `quantity` decimal(10,3) DEFAULT NULL,
  `base_price` decimal(10,2) DEFAULT NULL
) ENGINE=InnoDB DEFAULT CHARSET=utf8mb4 COLLATE=utf8mb4_general_ci;

-- --------------------------------------------------------

--
-- Table structure for table `farmer_profiles`
--

CREATE TABLE `farmer_profiles` (
  `user_id` int(11) NOT NULL,
  `address` text DEFAULT NULL
) ENGINE=InnoDB DEFAULT CHARSET=utf8mb4 COLLATE=utf8mb4_general_ci;

-- --------------------------------------------------------

--
-- Table structure for table `products`
--

CREATE TABLE `products` (
  `id` int(11) NOT NULL,
  `user_id` int(11) DEFAULT NULL,
  `name` varchar(255) DEFAULT NULL,
  `image` varchar(255) DEFAULT NULL,
  `description` text DEFAULT NULL,
  `category` text DEFAULT NULL,
  `quantity` int(11) DEFAULT NULL,
  `base_price` decimal(10,2) DEFAULT NULL,
  `producttype` varchar(50) DEFAULT NULL,
  `price` decimal(10,2) DEFAULT NULL,
  `harvest_date` date DEFAULT NULL
) ENGINE=InnoDB DEFAULT CHARSET=utf8mb4 COLLATE=utf8mb4_general_ci;

--
-- Dumping data for table `products`
--

INSERT INTO `products` (`id`, `user_id`, `name`, `image`, `description`, `category`, `quantity`, `base_price`, `producttype`, `price`, `harvest_date`) VALUES
(2, 1, 'Sample Product', 'sample_image.jpg', 'This is a sample product description.', 'Sample Category', 10, 50.00, 'Sample Type', 700.00, '0000-00-00'),
(3, 1, 'Sample Product', 'sample_image.jpg', 'This is a sample product description.', 'Sample Category', 10, 50.00, 'Sample Type', 700.00, '0000-00-00'),
(4, 1, 'Sample Product', 'sample_image.jpg', 'This is a sample product description.', 'Sample Category', 10, 50.00, 'Sample Type', 700.00, '0000-00-00'),
(5, 1, 'Sample Product', 'sample_image.jpg', 'This is a sample product description.', 'Sample Category', 10, 50.00, 'Sample Type', 700.00, '0000-00-00'),
(6, 1, 'Sample Product', 'sample_image.jpg', 'This is a sample product description.', 'Sample Category', 10, 50.00, 'Sample Type', 700.00, '0000-00-00'),
(7, 1, 'Sample Product', 'sample_image.jpg', 'This is a sample product description.', 'Sample Category', 10, 50.00, 'Sample Type', 700.00, '0000-00-00'),
(8, 1, 'Sample Product', 'sample_image.jpg', 'This is a sample product description.', 'Sample Category', 10, 50.00, 'Sample Type', 700.00, '0000-00-00'),
(9, 1, 'Sample Product', 'sample_image.jpg', 'This is a sample product description.', 'Sample Category', 10, 50.00, 'Sample Type', 700.00, '0000-00-00'),
(10, 1, 'Sample Product', 'sample_image.jpg', 'This is a sample product description.', 'Sample Category', 10, 50.00, 'Sample Type', 700.00, '0000-00-00'),
(11, 1, 'Sample rayo ko sag Product', 'sample_image.jpg', 'This is a sample product description.', 'Sample Category', 10, 50.00, 'Sample Type', 700.00, '0000-00-00'),
(12, 1, 'Sample rayo ko sag Product', 'sample_image.jpg', 'This is a sample product description.', 'Sample Category', 10, 50.00, 'Sample Type', 700.00, '0000-00-00'),
(13, NULL, 'procut', '', 'desh', 'fertilizer', 123, NULL, NULL, 123.00, NULL),
(14, NULL, 'procut', '', 'desh', 'fertilizer', 123, NULL, NULL, 123.00, NULL),
(15, NULL, 'procut', 'Array', 'desh', 'fertilizer', 123, NULL, NULL, 123.00, NULL),
(16, NULL, 'procut', '65ca5739732d5_79278360_132467441530653_1510391830221422592_n.jpg', 'desh', 'fertilizer', 123, NULL, NULL, 123.00, NULL);

-- --------------------------------------------------------

--
-- Table structure for table `product_details`
--

CREATE TABLE `product_details` (
  `product_id` int(11) NOT NULL,
  `attribute` varchar(100) NOT NULL,
  `value` varchar(100) DEFAULT NULL
) ENGINE=InnoDB DEFAULT CHARSET=utf8mb4 COLLATE=utf8mb4_general_ci;

-- --------------------------------------------------------

--
-- Table structure for table `product_listings`
--

CREATE TABLE `product_listings` (
  `id` int(11) NOT NULL,
  `seller_id` int(11) DEFAULT NULL,
  `product_id` int(11) DEFAULT NULL,
  `quantity` int(11) DEFAULT NULL,
  `price` decimal(10,2) DEFAULT NULL
) ENGINE=InnoDB DEFAULT CHARSET=utf8mb4 COLLATE=utf8mb4_general_ci;

-- --------------------------------------------------------

--
-- Table structure for table `product_orders`
--

CREATE TABLE `product_orders` (
  `order_id` int(11) NOT NULL,
  `user_id` int(11) DEFAULT NULL,
  `product_id` int(11) DEFAULT NULL,
  `ordered_at` timestamp NOT NULL DEFAULT current_timestamp(),
  `state` enum('pending','shipped','delivered') DEFAULT 'pending'
) ENGINE=InnoDB DEFAULT CHARSET=utf8mb4 COLLATE=utf8mb4_general_ci;

-- --------------------------------------------------------

--
-- Table structure for table `product_preset`
--

CREATE TABLE `product_preset` (
  `id` int(11) NOT NULL,
  `user_id` int(11) DEFAULT NULL,
  `name` varchar(255) DEFAULT NULL,
  `image` varchar(255) DEFAULT NULL,
  `description` text DEFAULT NULL,
  `category` varchar(50) DEFAULT NULL,
  `quantity` int(11) DEFAULT NULL,
  `base_price` decimal(10,2) DEFAULT NULL,
  `producttype` varchar(50) DEFAULT NULL,
  `price` decimal(10,2) DEFAULT NULL,
  `harvest_date` date DEFAULT NULL
) ENGINE=InnoDB DEFAULT CHARSET=utf8mb4 COLLATE=utf8mb4_general_ci;

--
-- Dumping data for table `product_preset`
--

INSERT INTO `product_preset` (`id`, `user_id`, `name`, `image`, `description`, `category`, `quantity`, `base_price`, `producttype`, `price`, `harvest_date`) VALUES
(1, 1, 'Carrots', 'carrots.jpg', 'Fresh and organic carrots', 'Veggies', 100, 2.50, 'farmer product', 0.00, '2024-01-12'),
(2, 1, 'Tomatoes', 'tomatoes.jpg', 'Ripe and juicy tomatoes', 'Veggies', 150, 3.00, 'farmer product', 0.00, '2024-01-13'),
(3, 2, 'Chicken Breast', 'chicken.jpg', 'Lean and healthy chicken breast', 'Meat', 50, 5.00, 'farmer product', 0.00, '2024-01-14'),
(4, 1, 'Carrots', 'carrots.jpg', 'Fresh and organic carrots', 'Veggies', 100, 2.50, 'farmer product', 0.00, '2024-01-12'),
(5, 1, 'Tomatoes', 'tomatoes.jpg', 'Ripe and juicy tomatoes', 'Veggies', 150, 3.00, 'farmer product', 0.00, '2024-01-13'),
(6, 2, 'Chicken Breast', 'chicken.jpg', 'Lean and healthy chicken breast', 'Meat', 50, 5.00, 'farmer product', 0.00, '2024-01-14'),
(7, 1, 'Carrots', 'carrots.jpg', 'Fresh and organic carrots', 'Veggies', 100, 2.50, 'farmer product', 0.00, '2024-01-12'),
(8, 1, 'Tomatoes', 'tomatoes.jpg', 'Ripe and juicy tomatoes', 'Veggies', 150, 3.00, 'farmer product', 0.00, '2024-01-13'),
(9, 2, 'Chicken Breast', 'chicken.jpg', 'Lean and healthy chicken breast', 'Meat', 50, 5.00, 'farmer product', 0.00, '2024-01-14'),
(10, 3, 'Milk', 'milk.jpg', 'Fresh cow\'s milk', 'Dairy', 200, 2.00, 'farmer product', 0.00, '2024-01-15'),
(11, 4, 'Organic Pesticide', 'pesticide.jpg', 'Environment-friendly pesticide', 'Pesticides', 10, 8.00, 'farmer product', 0.00, '2024-01-16'),
(12, 4, 'Vegetable Seeds', 'seeds.jpg', 'High-quality vegetable seeds', 'Seeds', 50, 1.50, 'farmer product', 0.00, '2024-01-17');

-- --------------------------------------------------------

--
-- Table structure for table `product_sale`
--

CREATE TABLE `product_sale` (
  `id` int(100) NOT NULL,
  `name` varchar(255) NOT NULL,
  `category` varchar(100) NOT NULL,
  `description` text NOT NULL,
  `quantity` int(255) NOT NULL,
  `quantity_unit` varchar(255) DEFAULT NULL,
  `price` float NOT NULL,
  `seller_id` int(255) NOT NULL,
  `sold_id` int(11) DEFAULT NULL,
  `status` varchar(20) NOT NULL,
  `placed` date NOT NULL DEFAULT current_timestamp(),
  `image` blob NOT NULL
) ENGINE=InnoDB DEFAULT CHARSET=utf8mb4 COLLATE=utf8mb4_general_ci;

--
-- Dumping data for table `product_sale`
--

INSERT INTO `product_sale` (`id`, `name`, `category`, `description`, `quantity`, `quantity_unit`, `price`, `seller_id`, `sold_id`, `status`, `placed`, `image`) VALUES
(6, 'Dhaniya', 'Grains', 'Fresh coriander from the hills of Nepal', 50, 'pau', 25, 1, 2, 'shipped', '2024-02-12', 0x636f7269616e6465722e6a7067),
(7, 'खुर्सानी', 'Vegetables', 'ताजा नेपाली खुर्सानी', 100, 'pau', 120, 2, 15, 'pending', '2024-02-11', 0x6368696c6c692e6a7067),
(8, 'Rice', 'Grains', 'Organically grown rice from Terai region', 200, 'kg', 50, 5, 15, 'pending', '2024-02-10', 0x726963652e6a7067),
(9, 'साग', 'Vegetables', 'धेरै मिठो साग', 30, 'gram', 80, 5, 15, 'pending', '2024-02-09', 0x7370696e6163682e6a7067),
(10, 'Milk', 'Dairy', 'Fresh cow milk from local farm', 10, 'litre', 70, 5, 15, 'pending', '2024-02-08', 0x6d696c6b2e6a7067),
(47, 'गहु', 'खाद्य', 'यो गहु नेपालमा उत्पादित गहु हो।', 1000, 'केजी', 1.99, 1, 1, 'available', '2024-02-12', 0x77686561742e6a7067),
(48, 'मकै', 'grains', 'यो मकै नेपालमा उत्पादित मकै हो।', 800, 'केजी', 2.49, 2, 15, 'shipped', '2024-02-12', 0x636f726e2e6a7067),
(49, 'ताजा दूध', 'दुग्ध तथा डेरी', 'यो दूध नेपालमा उत्पादित दूध हो।', 500, 'लिटर', 0.99, 3, 3, 'उपलब्ध', '2024-02-12', 0x6d696c6b2e6a7067),
(50, 'स्वतन्त्र मुर्गा', 'मांस तथा मासु', 'यो मुर्गा नेपालमा उत्पादित मुर्गा हो।', 200, 'पिस', 5.99, 4, 4, 'pending', '2024-02-12', 0x636869636b656e2e6a7067),
(51, 'टमाटर', 'सब्जी तथा फलफूल', 'यो टमाटर नेपालमा उत्पादित टमाटर हो।', 700, 'केजी', 3.99, 5, 5, 'available', '2024-02-12', 0x746f6d61746f65732e6a7067),
(52, 'जिवाणुमुक्त अंडा', 'अंडा तथा मांस', 'यो अंडा नेपालमा उत्पादित अंडा हो।', 1000, 'पिस', 1.49, 3, 15, 'sold', '2024-02-12', 0x656767732e6a7067),
(53, 'ताजा माछा', 'माछा तथा समुद्री खाद्य', 'यो माछा नेपालमा उत्पादित माछा हो।', 300, 'केजी', 7.99, 5, 1, 'pending', '2024-02-12', 0x666973682e6a7067),
(54, 'स्याउ', 'सब्जी तथा फलफूल', 'यो स्याउ नेपालमा उत्पादित स्याउ हो।', 600, 'केजी', 2.99, 5, 2, 'pending', '2024-02-12', 0x6170706c65732e6a7067),
(55, 'शुद्ध मह', 'खाना पिउन तथा खाद्य तेलहरु', 'यो मह नेपालमा उत्पादित मह हो।', 400, 'केजी', 4.99, 5, 15, 'pending', '2024-02-12', 0x686f6e65792e6a7067),
(61, 'procut', 'fertilizer', 'desh', 123, NULL, 123, 12, 15, 'pending', '2024-02-12', 0x363563613539653532663561615f37393237383336305f3133323436373434313533303635335f313531303339313833303232313432323539325f6e2e6a7067),
(62, 'procut', 'fertilizer', 'desh', 123, NULL, 123, 12, 15, '', '2024-02-12', 0x363563613561343831666330635f37393237383336305f3133323436373434313533303635335f313531303339313833303232313432323539325f6e2e6a7067),
(63, 'dahi', 'seeds', 'curd', 100, NULL, 90, 14, 15, 'shipped', '2024-02-15', 0x363563643365353965383434345f64617461626173655f736368656d612e706e67);

-- --------------------------------------------------------

--
-- Table structure for table `seller_categories`
--

CREATE TABLE `seller_categories` (
  `seller_id` int(11) NOT NULL,
  `category` varchar(100) NOT NULL
) ENGINE=InnoDB DEFAULT CHARSET=utf8mb4 COLLATE=utf8mb4_general_ci;

-- --------------------------------------------------------

--
-- Table structure for table `users`
--

CREATE TABLE `users` (
  `id` int(11) NOT NULL,
  `name` varchar(50) DEFAULT NULL,
  `email` varchar(255) DEFAULT NULL,
  `phone` int(11) DEFAULT NULL,
  `address` varchar(100) DEFAULT NULL,
  `image` blob DEFAULT NULL,
  `password` varchar(255) DEFAULT NULL,
  `user_type` enum('farmer','vendor','buyer') DEFAULT NULL
) ENGINE=InnoDB DEFAULT CHARSET=utf8mb4 COLLATE=utf8mb4_general_ci;

--
-- Dumping data for table `users`
--

INSERT INTO `users` (`id`, `name`, `email`, `phone`, `address`, `image`, `password`, `user_type`) VALUES
(1, 'Roshan', 'roshan@example.com', NULL, NULL, NULL, 'Roshan@123', ''),
(2, 'New Name', 'roshan2@example.com', 1234567890, 'New Address', 0x2e2e2f6d656469612f757365722d696d616765732f363539643666653330376234335f737068657265206c6f676f20636f70792e706e67, '$2y$10$q.Rr6wton.32wrftF0JVgupCsec28ZLUrDlJqZEWjc.ynEW/d9/3m', 'vendor'),
(3, 'Roshan Dhungana', 'asdf@asdf', 2147483647, 'asfd', 0x2e2e2f6d656469612f757365722d696d616765732f363539643732343036336137385f737068657265206c6f676f20636f70792e706e67, '$2y$10$Dl6oiWoeIXAcEOdK9SNehegiJsIBvsywdTXQlM4uw9hhm9iiHvf2a', 'vendor'),
(4, 'Johnn Doe', 'john@example.com', 1234567890, '123 Main St', 0x696d6167655f626c6f625f64617461, 'password123', 'vendor'),
(5, 'John Doe', 'example@example.com', 1234567890, '123 Street', NULL, '$2y$10$.x1upRnoKXzk1u.rZurtb.IlvE0QXyJz98AWpN73ZU779JSVQXD8O', '');
INSERT INTO `users` (`id`, `name`, `email`, `phone`, `address`, `image`, `password`, `user_type`) VALUES
(6, 'Roshan dhungana', 'roshan3@example.com', NULL, 'bkt', 0x89504e470d0a1a0a0000000d4948445200000258000002580806000000be6698dc000000097048597300002e2300002e230178a53f7600000a4869545874584d4c3a636f6d2e61646f62652e786d7000000000003c3f787061636b657420626567696e3d22efbbbf222069643d2257354d304d7043656869487a7265537a4e54637a6b633964223f3e203c783a786d706d65746120786d6c6e733a783d2261646f62653a6e733a6d6574612f2220783a786d70746b3d2241646f626520584d5020436f726520392e302d633030302037392e313731633237662c20323032322f30382f31362d31383a30323a34332020202020202020223e203c7264663a52444620786d6c6e733a7264663d22687474703a2f2f7777772e77332e6f72672f313939392f30322f32322d7264662d73796e7461782d6e7323223e203c7264663a4465736372697074696f6e207264663a61626f75743d222220786d6c6e733a786d703d22687474703a2f2f6e732e61646f62652e636f6d2f7861702f312e302f2220786d6c6e733a70686f746f73686f703d22687474703a2f2f6e732e61646f62652e636f6d2f70686f746f73686f702f312e302f2220786d6c6e733a64633d22687474703a2f2f7075726c2e6f72672f64632f656c656d656e74732f312e312f2220786d6c6e733a786d704d4d3d22687474703a2f2f6e732e61646f62652e636f6d2f7861702f312e302f6d6d2f2220786d6c6e733a73744576743d22687474703a2f2f6e732e61646f62652e636f6d2f7861702f312e302f73547970652f5265736f757263654576656e74232220786d6c6e733a73745265663d22687474703a2f2f6e732e61646f62652e636f6d2f7861702f312e302f73547970652f5265736f75726365526566232220786d703a43726561746f72546f6f6c3d2241646f62652050686f746f73686f702032342e30202857696e646f7773292220786d703a437265617465446174653d22323032332d31312d32325431373a35373a35372b30353a34352220786d703a4d65746164617461446174653d22323032332d31312d32325431373a35383a32352b30353a34352220786d703a4d6f64696679446174653d22323032332d31312d32325431373a35383a32352b30353a3435222070686f746f73686f703a436f6c6f724d6f64653d2233222064633a666f726d61743d22696d6167652f706e672220786d704d4d3a496e7374616e636549443d22786d702e6969643a37383136366565392d333238352d343334632d623935382d6665333737643236326531312220786d704d4d3a446f63756d656e7449443d2261646f62653a646f6369643a70686f746f73686f703a37663761373931632d623035362d336434652d386666632d3066383063376433346231652220786d704d4d3a4f726967696e616c446f63756d656e7449443d22786d702e6469643a62343332303861322d356465362d313834382d623833632d373039343630636261313934223e203c70686f746f73686f703a546578744c61796572733e203c7264663a4261673e203c7264663a6c692070686f746f73686f703a4c617965724e616d653d2253706865726520476c6f62616c204e6577732e436f6d222070686f746f73686f703a4c61796572546578743d2253706865726520476c6f62616c204e6577732e436f6d222f3e203c7264663a6c692070686f746f73686f703a4c617965724e616d653d225374617920496e666f726d6564222070686f746f73686f703a4c61796572546578743d225374617920496e666f726d6564222f3e203c2f7264663a4261673e203c2f70686f746f73686f703a546578744c61796572733e203c70686f746f73686f703a446f63756d656e74416e636573746f72733e203c7264663a4261673e203c7264663a6c693e786d702e6469643a39373931303530333746453545363131423145304542303841434543453238393c2f7264663a6c693e203c7264663a6c693e786d702e6469643a44353943434136323143393145413131394434354338303143414336353145343c2f7264663a6c693e203c2f7264663a4261673e203c2f70686f746f73686f703a446f63756d656e74416e636573746f72733e203c786d704d4d3a486973746f72793e203c7264663a5365713e203c7264663a6c692073744576743a616374696f6e3d2263726561746564222073744576743a696e7374616e636549443d22786d702e6969643a62343332303861322d356465362d313834382d623833632d373039343630636261313934222073744576743a7768656e3d22323032332d31312d32325431373a35373a35372b30353a3435222073744576743a736f6674776172654167656e743d2241646f62652050686f746f73686f702032342e30202857696e646f777329222f3e203c7264663a6c692073744576743a616374696f6e3d227361766564222073744576743a696e7374616e636549443d22786d702e6969643a63303235323161652d623738352d383534372d613635612d363566396439633037653162222073744576743a7768656e3d22323032332d31312d32325431373a35383a32352b30353a3435222073744576743a736f6674776172654167656e743d2241646f62652050686f746f73686f702032342e30202857696e646f777329222073744576743a6368616e6765643d222f222f3e203c7264663a6c692073744576743a616374696f6e3d22636f6e766572746564222073744576743a706172616d65746572733d2266726f6d206170706c69636174696f6e2f766e642e61646f62652e70686f746f73686f7020746f20696d6167652f706e67222f3e203c7264663a6c692073744576743a616374696f6e3d2264657269766564222073744576743a706172616d65746572733d22636f6e7665727465642066726f6d206170706c69636174696f6e2f766e642e61646f62652e70686f746f73686f7020746f20696d6167652f706e67222f3e203c7264663a6c692073744576743a616374696f6e3d227361766564222073744576743a696e7374616e636549443d22786d702e6969643a37383136366565392d333238352d343334632d623935382d666533373764323632653131222073744576743a7768656e3d22323032332d31312d32325431373a35383a32352b30353a3435222073744576743a736f6674776172654167656e743d2241646f62652050686f746f73686f702032342e30202857696e646f777329222073744576743a6368616e6765643d222f222f3e203c2f7264663a5365713e203c2f786d704d4d3a486973746f72793e203c786d704d4d3a4465726976656446726f6d2073745265663a696e7374616e636549443d22786d702e6969643a63303235323161652d623738352d383534372d613635612d363566396439633037653162222073745265663a646f63756d656e7449443d22786d702e6469643a62343332303861322d356465362d313834382d623833632d373039343630636261313934222073745265663a6f726967696e616c446f63756d656e7449443d22786d702e6469643a62343332303861322d356465362d313834382d623833632d373039343630636261313934222f3e203c2f7264663a4465736372697074696f6e3e203c2f7264663a5244463e203c2f783a786d706d6574613e203c3f787061636b657420656e643d2272223f3e17ab6fe10002467949444154789cecfd77b43c4976df077e6e6456d5733fdfbea7cd4cf7f4780f6006188083014010240c49188a042551220591dae56ab5d2ea1c9c15499923adb43247a2448914165a1a0120401204e1096238331c6006e307e34d774f7bf3b3cfbf32991977ff8888ccac7a55af5c5655bed7bf6ff7fbbd7a599911376c7ee3de1b37e473cfb47b07dd8cdda3944e620178ef6b2f10a00a229c3ad459ee3acb36120a9c36996f633938b16f54df7196397e4ee5583dab389373d0e4855a66f1e7cbeb4c36d444182cb9e9249624d3be89e4a38fefe63714938b2e49449fdbd0ec2697a1ce93629d651b89d328f38998b02f4d72db7287c62a323c1927f68dea3bce64e3a79a3a2ae7357c4e5a3c8a7c75c8b55710cedc1c04d3146a99c59f2faf33d95013c195bc189c26cd942cd3d2970e659245dfb7cb19d9c327b69a37dc4a26bd1acfb42345ab83cc13f6a5496e5b7ab79c3c437d45be896175c4ae7a14f9ca906b671f8bedc12352d7e1df9ca6d134b9aca7a8545588aa233e578662709acc2ad66baf0607ed7192d5fff03c9866de5fa639602e1c9373191df7e4caa9fefd3a4dc34dfdc5d9c6a8b97c81dd445e496fe2db3893a8a4078f1c632352171dfa4d55a369f56f8629eeac03ff0a3254d10032e2f30260ac2aeaa517399edf7092353fea38ef3b99aaec4dab2f64f5f53c4d82751899ab46a90e46cde5abef2633e115ab1c7b05a38e4d3e5aa621636f5c0196642d1997fa313175f08fc13b16b94a5b5cd2635125b1aa1893d4b8b13a60821b32db4f4fb2a66fecfa4cd615b6646dcab42aac6654d4a72fc1b47530b9ecab2fe46288e1f89747bddab71a9c96322dcefd6d9a87faef1d2dd3906fca978665599317f9a02f4fbf5c327861c8df67042bb10a4d867ed186cb65fa06b6828cb8713a92357d63af7c153f57bb8d30d80f2dd31496f1faf4a58931cc21f7e407aa9761685faa455d8e1762f2712015f68f5a548ec7f897c7cae78a800aabad3665aa023395659a872aaaacdad7f902055ce1903f9ef534c24c59274b2be770b98c7a29c22ec2937c3616652eac054edc663ee46adfe521b6d5e9333a7ee79227802a5ed8c31c724f7e60fe3c6b95cf89a85688eafac7040955ed5c7a16b0943e3567a52da2ce27b44ed5a1b92b95a10e05aa0a2b9c0f8f67bd4061566c90326e9791f8c95a50d51327eec94956fd7ae36c046278659ca915a7c734653a8ddab5aaf18aaa83aa9d4b0316b1a3e74cb5cb24157f4281473d3e4f1de5696afe775dad6d95ca30676267aa5b7abc92d65db334bf81feaddce3761da94e4ab2ea30bcfa313b29aa7317588d6c6791604e8b45d5c15cc44df37f968f31d9aa1e2fdba02278e6c4274ee72c6286025752473e113dfb5b5faa90f92c76cb89cb34c51a6029fd63ea4c667379f12642e77925e21c4ce524b741ffd56acd85c30abb9866712f84c9bad16a341acb1fb667527333af25a6427fa8b9889be4ffb8d496d95663e41e160a661a9fb3db5815c674a229956cb56bc909c6c8699479b1d94e29c01415b894ba2e65325999667379312161297f3f7c33e131ac8e640d136ee0da04ed3fc9cb679a979dc864f99e769c49edd59c655aaa3fd444f04b27397eadc2e45f395840794fcf4265fab9755c125361d1f5346e67e1502c6f913f142b9a8365c827e054cf0723cb5401ccf10d7085417dd44ba33c31cc4fb21664c59da0ae8e97af0a2feff993b88d0a718a07fe7c9860115275f267190b28efa95da8ccbd916b71da8fb9312eaf5cf413c6d702e79cda4e674b6c23ad4b2d4c2086712eeefdfe11ce54387a1bf86411df27c5a2bc6727c3b1dd8035c2e959e1068c12788505390d3bbda6c9e9d4f589f1d095f88d9dc18aac0a152b6796ba6b0c16dbb493883e69f1669073117b166a83090b71920bd3f804ab8cad32fe1613b20c211ac26ec261f1b04e12ad2a73e1b017c8628f12595cdaf3a25ea24dd208a324ae494916d68faaf0d19b4cb8551dbebe48843967c9b92e39bff9b13472bd48e5e732ca705a9a76622bdbf84a1b5fe4d56dd1d5214f0d4da57233f282b5f8e3a0b90f96d75615bb6e71a11bfa8519275a15246b18e1a933095a286a55eea15e81a70b2bf60339b91f4f2edcb08d176751b375fa31ae51a66bb433310f4e6c82ab37a61173d27b4fd85a36456e15a6318ab48c28d0a872ca90dc2befca751c1b120896867db6e5ad1e7e47e1948297495615937e552f8edb2fa00a51c7cebc68d4a8ccb717214bc6cc73c7b84699bfd1ea3aad2dacca6a8269c4ac5791a670e398d22051af720ea2ba91324d4a2644702f489637197ade390b310924ab8a49bfaa17c7725e40554e77f5f24919d50fce3a713debe55b06965d87656d7c25a8f19ba3aea2cd2657bde6bcd39edd70d4dc8d6361a8ce02334d4d957cb00a455ee05bf348b2dc100e3ae2f3b25165275d5e879f24d6d728827a2a352753749189cb77429ad3128cb346ea96dd474a53d92b172be94393653afaae318d3667998e3fbeec8e396f02d3564055e69f6a92590986c9bec4663722c377d289b8d858e322bb9f84e5912c19f1f9362641652fc0550dc469f35d44173921cd69eb77bafb4ff3ec777a316e01ba7292bc92697044a63ad15d3327bfa4c7fbb1a0e8422763da125465fea926993ecc5b7ff33bb6cd9ee61430e5b307a52f1729fd3b3b662759cb98a166c963d533678d31b2b32cb8ce5ed19cba8ac2d7b84fd754b4713b1f4fa5667718a674685e9ac6e0248df102b23b8645f89dd752ebb820a1e6adbf299f5fd5346290f2ae001d38cec21ffecc2a345973b4c0c4b539edcead499e199ff94a7c5226beb9921c07fe9611dfd5f4edf98a438dd9408d453beb38c9736064b32cabbd4ed2182f22bf531e5e626844a8095c43ceca009ca8140b28aa41435c54ff6f792361205b833b0c67c0ac9aacb23cc389c214bb1fe6409567a6adc42765e29b2bc971c2efcec6e07de5e236413ecb58e8e85c89896d8e6c4ef954354cfcd9de43676823d712b23750a8bb4fccaf0261662159e54e30bc439cf29e7f1bb731022bf7e3198bb33bf6ea5ff7054e91a805a6ed3a2b7456ae4d2faf45439fce8d5c797e8ba8c313d234831a85109e41faae39d9aaa88e8f3ebebb94c96b963c4ed3a45a17dcaeb3aa515468159ace85b7cf196dff859c53baa0ca9a67a3ebe412add8b43faa9067b4ff0d456d98dec9a8d3483996ce220c2827a4d31fc91d4014454b0fb9a85868759b443ff6c4e27717cef2721af7cc6d3271bc0eca7536de9c7b1be331d94eac89535bf4a47c4a26fdf99d7917e1d53c09aa1b4843cd44333d5d71a39fd6b962922e3578cf692deb1458d54859643ab3c294fdafc2bec1c2e5ca91ab7ec235394e7a64127361dd5ed2676667d01c38a90ec69b7397859a759c2ab0e4faacdbd89b1fa7d599b766722d62c3cc3c455c65f584bc479553382edfcafd9e9694e5824370cd9cfcd40fce5710235e35153613aa2a9adb034b944b0b0362551847b25e118466c90d7e7a304f3997d1719661cc5f5d5b2f77ecbd52fa747d30738d2f75c34cbd43f54cbcb17c6e487f7e8bc0491bbf47dd73122635b18f497354d5ce5ce5533f385fe39aa0c5d45252e22856298fd0a1aa6fe2e5467caf0215d7c1921bfcf4a0eee59c5ebef15aa14a96bba710ab2de7e87699c243e994451f597e8dcf52298b95b26cb7990e52fa77793831bf79fbdc248599b2c0fd228d8ff731551196ecac3e2b4c118541fb4856389a504441250fd9b08872d596640d2dec597fe92d4ab77b0ad5dcd525022c422b740adee44bc038e23aeefbd1ed328587d20c2e4a4b33c3d6a29bd46fdeac9f4473a086859956a4c2356901899f085d409a0e467d78069162b7a0cbac30133a62b5d8169c8a642d6bc2185be465ce5c0bceab6a7df7b164aa4977aa97d25423f6c4446a8a3acbb63c8c23ae757535589a5c352dff2b07b560b8a703e3369a8d797cb645cbe20688391e7c2be8b48a6d834e9b15f45b8b13666292559b09a35a414eee1ce5bc163060272aca7c1bbdf327e6107ffa97d2f4f5b608cdc2609a67cf897c385e29e5ac056ed7f50a3049a5aff08575c6fac4b83573dd1653267cc80f2f15f2839e034220d263be595361b2965ea5b970d52f832aa3c52f06f36df4ce9f58847a77b29c27bb6b01ceb98369d66d22188fd906475dcbb9eab1be10d4b4ae4762553eec95e65bf34a5ff0ba7c2598a2caab2cf22c5e2fe698bb9e82aaff5b4a17291fa933bb63e0245815c9aafc6550b30ebda897ca6a5f567350fe85c93d7f47aa1f0198a04cb5937934ea4afc9689b1cdb5e8f65c461b54b3263c1b5876b96b301f5459e459bc5e8cf3b10a3521f9c4336c074011a441173e411d2359273656f52d59c90bae66ceae8b6a33e923e2cbc3c467538e409d5fb275966d244ea3cc2762c2be34c96d3578d90c626c739de2f69c6a53e72b3154ce328a3069ffa94ccb5845a1aaad1803dec7cabb57f5795ae53e58fd5a2b41f25d868b441fc93a31b3ea2599ec05574d638c8a86be4c14f9ea906b93a220e0cbc0f07aabf95b6125ed5be31742052112168709fbd202b6b8dfc67c986a53e75c7e9d25d4e9fd3e2e9d3af5c7cab48c5514aada8a319368a344bc664b42ec06ed0bd9a00b6405b50de100ac8ed8558f225f19726dead4e694c6619a6eb5ac7a9bbbab1f9373f54bc9ea87ef340d37f517671b23aaae7e26e3b388b17bd44efe7a65eff72172d5d9affe15d4978daa1bbc251ff7e21f09eda4b916abf0d92a7614ca82df6ef52659b7b128d4d14c26e3b6b14c9f628569cd2841e5224c93e02b68b61d89521d8ca8baba8c85b3dd5ae33cc2c72c54aa14652aa2bd44b926c05c1ac39a74b0aac430a1b0857147f3461482c9d06bb0725361205c8baf8d20cb6d92b55aac54cbb130196645856fbbda946955580d73a84f5f8269eb6095b257bebe9804cb79d50c6439c3eee82a05a890684fffc8aa3bd8b230ba9c55896106f390dce9dd7de14c819e6695720d9f476bafaaf74faa8e640d1bb1fd7fd76b02ae0655c49faaae5e6698c056bd8a9fabec3afcf9a1659a3ca3d3d84f87f9fb9dfc40f5320ced4bb5a8cbf142cc3d0ea6adff63029c94f4c9f3eaccf9cd53e61944189bddb134f584efa64d6bd558f544bb2c2cbe9c0371b03cf5f0c14655a570804747b0fa7e07f80283d7aae945d590ac6123b6ffef95bfcc032a1c7c5594a936f5b20a8c2cfbf046ea273f32c5789ebc9297dd1e5510ba61fe7e273f307f9eb5cae7442c418831f53fcf99b332665e5d091621c2b134e584efa64d6bb5a8ec95b32ae25823c26a0a3f2a7741fc67112d028e7ac215fa8178825268b12629d1f85e3469bd9c48b26a54b995602983eff64808a8f2a885b34846a729d369d4ae558dd35807c749d23c3885155047cce97f3fcd6d95b5feaae6bfb9f3adaecf1a3c390a91dcfd5f7d134339bbc2c9b730795435894c532f2349d638d5ffb2b6c19e2a543b1226ef0ff56320b393a23a7788d5c8761609e6b458541dcc1b036e7998a402ea2877404d641b578d3553069f6e9c68039f0ac60dd45c15c520b91a4cd9ed382cb45ecb8887755c0a8761242bec8a1cf5ccc9c256b1bdfc36eaf1621dd6968b992cfbc6d044f72e1bcb6f90d3a8b9198b39cb545d9d8c0aad538b81370396ec603515c6ed2cac008b48b6ca34e74e6bca04a6b9bd765b24fbe17db09c3910ffa228a7d1ef2fa184c12dde47ab1c0f6b19182cdf20c972e64d8e5d9b2df5db188ed3f0f69cc02f7082624cf2529c86504a1846671cf520d91563ce3255572767b17267c532eb6241792dd8476ceee9666ef9a64c609adb6b3b145cad9b6217a0f8fffb5552414325e0099594de3ac3764655f7f6a8c427eb3461012fdec5681226f0a7ab34df2a121b92c60483f3f84bb1a25d51b7511f9c25c25b76eda8a05cc793589e667831384db25683dbd3cd2ae06add0c3a2879572cc2af70840eb96648fbbf63f025545d7356e293759ab08091b0fac8f095a4b6d2348eed06ac114e9f296e94c02b2cc859da4852decc56c5aee109ae545781cba8a37a8ddf795091dffbd2b17cb9565713a6bfc38933fd051f2b5c9806943cb0a8969995bfab2e93fc49244bcbcc7169a849c52c134b28f2b0feb6c83e58677357bd449b678f524d4ab2b07e54858f5e9d9d53aac0b83aaa7999962cde38efb0d58ca8f195b010b94ecc7675738b09e708e681d9f3100d903b530a94857414ac30130ed764ad06a348960c946139a841854c89eacfdaab1ec3fa591dfade4a50ab7257e9f8b122acd8dffae47e5c53e79465b4f5141b49fa9f59225638162bcb7af50e5b536396aeb12ce48146838079c0d1dc4c28a5af9d0f960b445a82163b0aeb8033612e9c18d52a8a4f63e0caaafa5d5dfaef99404d27bc85e29497796625ff34e59e758ccdb2996a02b906d35cdd14b0dc9c47e656e70d9d2350edb0d3a11f67852907181d0619f2d9edd42b3d38268d55e0d491ac991b735cadd7a9558ea34ed1e597432e6bb57fbad2fc4611d4b34e5c4f5ff9860bbc1425ff1ce98f7a749eea1f4c7375b3e57273ae2eb752ed2fba08958fb33186d50aca63f0da281d564fe27cafc2c02bdcdb834fd6802f56f8b4825e3a6c925b24c9aafcaceb7af3a033001df179d9a8b2a197d7692689f5356adc9f4af3ed145d64e2f29d90e6b4246d3e5257a706997f2c56691eab666658d0aee75a62897da9f2ac16af7a35c31e0cf1adfa4c7f03b78908210abcf81859d51f083c39464d728b2259856fda6d9c0e0cd3c5dec6a4a88c24adeabd316dbe8be82227a4396dfd2e93b48eaebaf91a33bc3d968209f75f4c22cd72dcb807d398acae4f0b2d3b7d98ad4d4d4e91a43468654834f7dc0c5876640dbb0e8b9bebb85a3d75e6428f713b1f4f9f69a26a2ccdbb7609cfbc4230727e58709dd5705e3a2d185d753354ea122d4a7da830b3e3494dde7767efe5931560dccec2c9f1ca9dc3aa2cb90fd35018ff9c62a650cfe499e54eefe5700de45a2cf765b0230eeb0c8b6eb093d33f8d07448fdbf9584732bb5ccc510113b7f9e479148477dc33e3335f36799e2abf4a641bb1823bf65d4d07e76dcc863339674d5ea865167fbebcce64434d8401e633174c995c857f14dcd1393eb36181448309313f8b50719aaf12611b26f6e27052fa4e9ea90e88be8d5383be83c9878e8b211717d0e6551ec9b46cf23c557e95c8765222b7cdb9670d8ba5c9a376570cffe63451f665e8c6968eaa5dd41652f46ae69d3c4c43ceda241801bd162b6851fa16982eb868bf5931fcd28aa7c42a6aaf90e8b49a0b6f6334cae4e06c1d827b1bb7713650c9089c36b6800c7f179d2677c2ca746375e05ff92eb80ad23a256bb09c6039cb9e78d6efb557fe00e8108c34d766497e6b5e6992a733a1a7e0c4a8bef6ea42b26efb508dc632ea66963c6eb7d9f4b85d6755e3ec79d74ce4482fc72f9dfcc862dfbc533b02e8e01f83772cb065564942aa24561563d163213fecd999f9caeeea85a3bb9414597da2e57e599e58a973790fbb0fabc2222aa10e246b210709d772fa3c0123c45d86896c963cc63d739b4c1caf83729d8d37e7dec6782cc1bb66a6b699dd916f2a47fa719edc3579911ff3e539e66a3328684d04af1a0b79cf55837ed1aa97abffa89ce0583598ad169361d99157bc4a4b8a4b8bf16d39e1bb7926e9ea49d6c44bab11a85a773a2956d8e1e72c72dd5ed2b7371e9c5c07e3cdb9cb42cd3a4edd3053db2cdd91ef147092050ab8c22e7c3ceb698499b24e9656ce19dbea04f98a48eeb90fd5109225c7ff2c93aefe9c24ffb88cd5febc9374b5246b9c30759d0dea2ad778bc2208cdd4e3e495421ee629e7323ace22daa1a23427b44ed5a127552a431d0a54155638f71dcf7a81c2d4c21a76c293a3e4d3411facfcd310d56559b58ff7cf92c0b2426007294c89329e402df7e5385a983a980b6fe32ca1e2597cea71f24a609d50ff724e2fdff84567d59a9fc289b6aed6b63ab9f49e257e16f04a724c99bdf967f12701a3c5f81a9250e19f558eec1ebe2bbeedf3dc9a4fa885e16459164db2464f9c536cc45df8d6d4db981a43dba14efd7e1158901665159dba922cab937bf91ad992c5618aa74ee3f453ed7ef4b38389cb3485126729fd63519afd0a85cf4d84ee389cdc5dddfd1e5ce5f88fa55307fb1d58f1b42b371fae6a18ce96ef49246bdcca72766ddde443568e73dfb1a89b8fd2d2b0ac728f6d876536c082f3aa7a77d6b164aa4977aa3eef76f7cc99e36978ed8e9ba0a64ba276259ea0094fa3cc8bcd764a01a6a8c0a5d4f500f718fc74e20313a63b2f4cae21f6b63d251c7d33a099f297142d2898aa0be190fb6f41580af539b35627ef84983dc751246bdccab2aebe4075956be1a84db9ab15e464f250ce6b01b3f744451996eff4b2ccb33098becf4f5f6f8b58b80ca6596d1e0395324bdaf374e545938999ba7e357d7566ac688e1a6eade274aa253d469669c530655bbce481d98216aaf06e0fa11a723f2b4044dca1cf7d64ec785117dd6ed54c444522b77db25685fa8ff0556b04ab8c16bf180ccb777a59aa5d1854bfc3697ef98ecb3498e642174753a63ddfaeb1e9f39b0be3f23a51132b03f7548fdace724b6c23ad4b2d2c588c92937b894cf96beeb89cc2f12a0fd550ba275760e5aa76eda3583255abcd56da6a26a2fe44aa2059ab7e192f068b2c54bd561fc350f94baf667d64517d76b56361f6465b9cdcf377a41365ab5839735cda058fd5554f3393166f063947255db3a960364c5888c979c182b58c0beec67d4eeeaa65725ff6bb729f07fdadfaaf49dff53c0d99a632c69776999d705e927536cd73352ed4899da3fa9e53c9cbb766be748beab343fd39978089cfa61c813a8fe11365ab4691381ccb68c21ad77b1f26b6b28dafb4e5bdfd6630d90f79aaf2fd3d1327b85455db5c308149968fc3c913d6fe82043facc1dc0b07f932c992c19b2bc1b2c7dde2cd8515ee6c58fa12a8666bae133bc702fae2cc3e49f3e5b52a6d5091af0eb9362996e538e0731b5a6f357f7bd76c581dc3c426b87a631a3127bd7774d554d1e766486314691951a051e51cf636af7c14d571588eaeaa8960725ba8888f6de513f4357a6ce79a9649d828c5b13f32a726236d9e55052c9a644dd8abaa546b5786c933d4b3692f9d00ab2276d563505bdd7f6dead4e694c6619a6eb5ac7a9bbbab1f9373356367e65cebf8a21c8269c4ac579146b5cc90eba3041f71bd5ee51c4475e3a07aafcce130fd663f291128c7a6544b5aa9925452265fe21cdefbd55fc597fd9e5d55610a35ff0cdf0ce24c39be8f5abd2c701e973adb5a6ee3d4a28edd4a727fd4ca52ac30ad45e7ba6c32b8e4fc6ab14e9c92359d190cf1519a3fa5d931810cc7038d1ef3990a063fe9d3133a7fad92d73bc1814bbcfeaa3f9dea27c2c53bcf0fe27493ac323b1e7e471d5f5693e015ab1cab19aa6f87197c456ad3172a1c4c4b2dd364998dbe6b4cb9e72ccbf1c7973c69cd9dddb4155051e3d7665ccc8061b2d7e15d35810cfd47e594ad7a812c4929a5f07daebd2afc295485633785bffdc7d5bdc0abcb781a92559fc91ea6ad83c9655f7d2117d3afc6bb75d6ab7dab4115f1a7aaab97e91b76e58b84b9caae53bc4c16d5f94654a04e74d7ccc92fe9f17e54518533fb202eeafec526d38779eb6f7ec7b6d9d35c12728215f8927aefa910a2c11127f739370be6ef1e1768b4df4fab5073f56bca75a92fa4610eb927de3f45da9392aca1937d2d3ac0043b5a26eed45261bbd6a2723cc6bb75aefc651e5061b55551a6dad4cb2a30b2ecc31ba97fecc8142f93292a794a87e6a5690c4ee8b74b990916e177be92296c5ca60b126adefa9bf2f93abd1d26c5310d5611cbdd932429345039af92a0a32a051acd15569e8c792361dfd985135668152fec610eb927de3f65fa339b0b6bf1f2a95688ea5ea81324b4925567cdb1943eb5aa4aab5f63cd363f0d6fa44593d17cc3d2b0bc473db4ac39ea847c16a6945e34165877c3c4d7931a38472d5e3a7363a252d4aca8a6cc9e9cd64abcb3bb6b4e2d594af2357d5f4bfb1bf2e78babf9f37d1fc6639a496795669abaf8649d4553d5482c62d509fd7dbaaafa3c53ed52edcc35799fadd98cc93ca468f91d62a1b5778a163b13f1909a6398f8b3f5c52a2b7dc59b1a96d97f66c0b15d84e5b00d8152052d952a79b8ab6029cccd8152f6c30a90c2a4c86288c0aacd117520598baa83b9da2b77ea5b01c6649bf7e3518f9c589f5394e9944fe88bc4aac7adc3509dc062729ae20d7f6a164cd3b6e10a9d956bd1dda0268bae2a6b63d9352b8ba9c331694e5acac1644c1e60347744975c4b55c42e2a7cb086e754f8e1e416439f48714874298f8a1aa52e1351a5246bce3255e90f35d74bb06f13c492db6a8cdc7d21464ad72a49fc363c6a32384fc4509d40ff9f13146392be3dcd582a2f4a27c1e4b72e424d3b0546d5c169e82a55e1944c1f75524e1e4b47467c9e070bda4b60c0d3a7600a549c164bc86317a9674ce57b86262e9e50696099c59bac4ce0aa3ae8719991b4c7a132923567432fd51f6a22f413f8f2b50a937fe56001e55d0cf91ddf7faacd7741af840986c1f131578513e9226e5dc49bc9e3b48ec349fcc307ef39ad659d028bf2c458653aab80016f082c2c82054a0eeb7db3a1f4fd729f056f2294fca6229a7b5fa29516603c96d73c2792ac57c0a01c8e09b40455277f96b180f2ae3e327c25a9ad348d63bb01eb8c69e6a249ef9d5bdbbd2284bc47957398d566e57e4f4bcab2229147253373f2533fb89a97af32b08b309806a55037b9ef827d2f74b692d92f3cdce77f15423ce0cd817da7482f039537e9c41849b29632892caf92eb629ead12ba12bfb1335891e3b084220feb9f8b3da9607169578e69649dbb5ccbe8dfb3e4a1fd4f2ebcfd82356881184c7cdc669e719854333ba3ffd2cc553ef583ab199cc2401c2c55671a2cfb5ee561180635585aea3252f8b514fe03254fab630aac790a3c490fa9bc49a7c25873e1c24659154eb4930957bc50ce0e41e80f9ebbb45c979cdffca8feacbdea318cf09c2a12544bccd2f08bad749d390f99f9c97970627ecb18575316b85fa4110f972e4f55841538ab2f2ca311f9f6ed227476be32353aae3f0d5aae42751a1895d75a69f99ad76369dfa53c81d926bce2a1f9ea72b12d7122c95a34bf1c8393eb7d72e186ed8c3a8b9aadd38f491c4d26c7b2894a157daaaa7ef9caeedff563a8f593680ed4b030d38a94f38345247e227401699e0439f1cf80fc2cc23eebc8b1f3080b0b619e98e754c5aadffd845858e2d559e1eb62bd20fedff9cd86f3d5e5e25b6221211c6a34086f6b09968c99c7cbb846a977a3d529bafc72faf72b9ac5d514b7db64628c192363977b3355f592e6b02965cb4d84fd3b78a54f4f24250ba1861d82432c87e5f842eafdaeb4cf54a8fe474e90f3e412f457be8eb85e1f5445b2ea5abed38465d76139486f25a8370f3a03d0119f978ddb0dbd5ccce376b2049cb1b97f9c96abd68bf4296533b9317098439b0f6255ec0e74aaab729c96dc0f4b07d2f1b518823268f08a2fdd972bccfc339304e3eb9753465caf174692ac2906cec4e53b21cd6909c6592375cbee23a3e3c6dd463d21233edfc648acca87bdd27c6bded6c77c98cf00a6a8f22a8b7c2cad05d7a7199e7e88542543838d962fe54e86121ce5c98fdce98be8e81de8c34d61d76139bdaa5e80abea8327e53b94642d625c9f90e6b4f53bddfd6765e49f2e8cdbf978d648f2f458150358c43333a4b2e8e22f839b0ccba3e69c68615876b96b307f5459e463692db83e8b300d65c7f5b2ef9438bfaab2af55ce9ba4ec7d5508ebc893f6d90c9dd62b98174b4ef00b68c0d175b6d8de32aeadea70accee250454fadc1681e859a8a366ee7639d35bbcbc11c1530719b4fbb31649267c6671ed6ac27e214b7ff5406dba9c7674d07f434584611e6b19ccc245f1585aa4fdb9af21fb9e3b90ec45a57294d0cc3e3b017e63e29c8547fca94b7131613fff0dd848ba9a2d5cf36679b64cd8b55b6cf981eb7faae731b7360d05774c81dc72f2da0cdab3c92e9ac93e7a90cb653d7c58807eaf47e1f974e9ddabf322d631585aa4fc598204b418ac2d6c0015b607f9c85fe5d877d50bfb22a9657125cdd459c93bbf7c7728b6f1d3ae1d5a78aaac75248d68a49fcd89d22abc8f444e4de84d560e17e23b7310dca6464f8b14da3669c9a37dab25ee673243379d235d86430ac1b4c2b4a552fafb3fc129c13a785071bd1e2c5a2dedca061fb5370aaa2df043898e2b10cbc9931d762e50eed05612b7df58ac4c249d68a2b765cf60b11af82442b93ebb6dfc8723162961b3f89aea4a756879abdcce7ebf60bdc6450739e3c1293ac5407ef39ad659d0275d2739d948e19b66a0891aa4a6e57b9722ba458feaedf0d44bcae2bb47c495b95df54a47d725fd0219fe6c5e834a7cf633ea9a6275963f21bf5f538427cda71e60ab4022ca80e47263becc5300f46cc7235a747b7310cd3f48b49ef9da723acb2138d506af47d3f28df4cf2ae60129d37cb056a5de74abef4a009174473da53dca7ceb837681eecfb4b879b0b5dbc51e97b223715869b557cbec55d03a90cf9342f46a7397d1ef34b3531c9eaabcf1118f5b59cf8676da023ff1883791c3167c96f96fbeb8e05758a91c90e7b319c422caa1b549bee6a3aebccb94ed32fe6ee43cba89b59f2e8b7f92c7eac54ec22310c8389cf6b8e3df6fc6c6aec095f9b93a3f4a0c9dfdbb9cb95163fa2def15d0b4ec4806b16c3089233014adf3235fca5a5028f206d35c5a2e49b88645535c05655c913e42b23ffa80827a5396d7e53dd5ff79ebd1c2cb316b4ff9f136e9a0f8b7aef559bee6a98ecf2739da541172b65c9c1664af4db7c968513f39b77bc4c5298290bdc2fd27835f65445a8607e181ac9bd88beee596d9ff94f8e95237c9f533375f769b83f7f3afc3bb87c3d4953353bfbaf1a8becec4bdb5d38b2100b7efd9d016dc5eca8a2f0352669138ab6cc2e20a57f468ab76081e673f8ae30d3c53c547912f3a37e934cfd249a03352ccc4cebe26598953d8a3858a5045df4f560cc937ce35fb85382f3547e7fbf4ce568ee852f5659ede5b4623aa400c7cb3e452927d6a7ea097f9d747181d069cd851564d80719f15d2d66ce571ce61a07cb468d4583d589372cdfc5c932604e980a154855f33e70f6717b9e9e1863faeab89a9c2676675f1cac82658927599aafff1cc9f274a91ce1cedbf6729d94060a553cdb2fb8f433b0723a4308db2498de4e2d27fc356d5a15c1e71748d6896d58896c93dacb6ecf9ca3b0c829adba5abf3df1be32b0a4717abb3bad009354fa0ae7e933d627c669b9a6893fd74fb04aa63ef7e771d623e51cf21b4b0e7942ee30af485fa469e9bf9d3cb06999c4317d7bd5830254d7cb3efaf86e4dca741b27612a75f3ca508dd1bd9638e5053995e29fb68969553eec95e65bf34a1f65fc38cd98c570360439c1ea0bc48733040603df20a192e2439f139f849bc2751f115ecad750346c1d2cdb25ab284d45982d8b6a0741a53e59a7a4d39f1231e993548e5d992bb9856020fd554dd79517f35841aac861ba34e6c93188bf74e7ff132f2c38bf25e7bf94cebe5c5b70bdb1ec72d7e0a5715291cd31f629c169dd6997444bdaa9c1e4d4699d72e254fa5e14c4071b0d4aaab2462cd784f591ad010cbb36e8607f42e126b96b822ca646556d5e19c99aa04035e8a7a7684e3a2ee934b21fabeb4517fca4f497d8f0e38b39d6fb61ee1cc663ba34f245e5d2729c0fc7f25a70e663933f3d83fe18a6f2549dba8bd461469e13cb28c2a4fda7322de3740f99707fee56a51431ac021f52a5f048eff3780702c972874217174b5f96ae85c85a8a14de62c71e9bdc196bb2fa2dee3ac9b5bb2a5499e62424ab8a7ebcfc79ee0c4c2033a2b2ba3e9d0d7f02c609532b614ba89b5cafdcb1b54c4ce5a93a751719f1c0f295b4b3a753a76151999671ba870a1fac60c22b11220d17a56416a4d05595f373e4ac5fbbe5fce22524708237baf45b0ba5bfe5aa9c2e96d3e6d54e70e348d65cda93b95085816491182edf7c7530f8f40a5f664b9dc06ebfb45789e96abf4e6fb6dbe8c79c5adae52b693d86c85567bffa9a4c57e638a7093a24c5a9b30a92158852bfcb7a81be3289d754e526c03c274fbcca8eeddec8583227f6253575b1565dbbd5f7bcaacc85d54a56f7897cb87c274a3db6eb1c5f1c4cfce829859b09e4d8b5a50b31dd1727df7aca1aabee23ad4a9cb2a69912e33cc24f6ee94aeb664462c3c3102c51ae093097c67089c21a0df915ee51b90c8347e7f49b07b57fbb62aec90ae11982f7af940aa4f96f15f1fe5e9eb495cc8703a2cc8013820b0ec1f87beb31e40b92359b3ce31d5c5750ce4ab29c3d912afda1863f5a515bad10c3c6e3d4d5b430f7aa292499caa6e351a7869812a755f4e0aab254e42fc2656639fd645329d11e91d8346108c62475025e199a7f332cbf63e44ac445670ffe58e1be814e197cabfafcabd05206824a88ef5ed26095ec838a235d2755ff244d338d5e41c6de559fd9d891acd97ac8b1a7c65f980dd3544325b3e9ec722f7eac55d456a71d67c8bd6a55af86690dde2badd2638bea2931959ab98225f2bcabfa198a3936bb9316c0d3e6a7273fb27ce56e5d077cb52822b9f71125c77ad47f5667d30b5f12e897943be531bda2a72d7df5a82593a0a759f969cf9e7089331f4a2995414cd73493dd3d719a27f6be71eadf6a70b2b97058be33c8b254f7aa19ea6d11d55b23f7aaa5e29552ce8ab0aa57c30c06efd5418e7de883563ac18caf8385d7d222323869013c6d7e72f223b32877e74165534ebd563bc7d017072bf84521e11c417f644ef0a752f1be54c1672a3c9cff737c5c79136141c682a64a730a2725e7f87cc3a2388dd9b1e37474aaf2558f097a9f4e7ae31c184db2e6a7a4b33e321a53abb42abb6d342670daacb00e96d35f17a12da83cb71a65b00a9cc9424d8de3ee27f3e0769d568279cdf853dc5659ebd76bb5730c7d6711f6c5bff2e40acacaa91062c1e7d1479806dcadfcdd92a7199853a1bd12c491ba3eed58d07d79398629c6262fdfe9c31473c5548eef2b9d83e668ad85c93db94c23459842b6e5f4d789d9ffb272ab7906cb417f952fab508b1a3875243393d4691de50ea8896c1599f1cfc8b0ad0471f810625905944de892f3224173f39df49d4918ee29ab7e83a795e42e595a7278f25a30f1ab19d582900d04371de923a52c77be5a46079bf2e18f3ebecb7b5f7b618a74975969a3b25b5665568391224c29dbb0522fb9356a519fc3d056e8097cb397c92e22eda6612f822f1ea69220580344426604839baf8c55c42a46e18d5b915ece94b59e723e431f69196d296ce49a74c6977d418d313ac945b6fe09e9ce956d4d3bd058cceb60b5c8720fba482c20af45245b659a73a7356502d3dc3e876cf21b7fb8d32bf11d3cd729911a0d2c8870f4cdb0fc8b673c232b33b440c628cf765ec3e53f1566b512b9aa84d82fa0672dfdad38986f4900ff712292353cb1e56155f5362d5622678d2b67a468b3c9bca3ca3733e49b56e56b2272550c5fb62a2946f66288c56d6f1655ac11ee6ac25b36e00f0e5c9ea9158e2cc491cbde0a4441416ec018b8a88a64aa8f00775bd5d7f4541f8b445fade81da65a03d552a061a57b1bb7513fd478f65a29e437fe70a757be50f655d7d26fe7ec1efcb2f2c7c9c99152e647fddcc8df901b18739556e9f9befb7d2ee1f6c1f44e2516df058791ac51b956264d1d4756694d505982ab2e64e5228c4fb0aa2c5fc854be92aa7cde8a7c324576a2885b994b3a1647985e77dee5f8f51d0a8f02855485f508ee5d579eefb8a963bda9ac19e156d7b7b3019bcbec1b5e203240e4be2772e5396fe07266f5db8ce8b98344df20e8db5a915e32539474e183aa2e1851a0f2faae02de773c975ae87ae7c06992f536168982608515a0f77d0a1aa5b08bb0ecf45e3a80b0dfd13d2757be830d92b5d273652faf7e67790676349e0572b5188c1ac6d36bb3ce22e69fe4a64de1ec4eabd3952c5178c122bfd7453ed4c37ca16724011a02912859ea9c3f559db6a997c25deb2e9b978e00842c73df99409e04361a96764fd86cc1fb1f527eff0561b72d18a318e38894e07ee7c44b2153afed328e74a9113251d258880c5cb09637f532fb5e557d4fc3e8c30d3364ca39bbadfbcac2ed769c06e36aabaeb5b97cb986e7d8a7c12a34515a6891dc6deeb37752cfc32b28c7a233149b0ccba6453cdf52ca8eeeeeaeb2e3bc1409ca906b1314687ad4b58bcc805251aa215933d4cd19aace1c67b14c0bc07329f24f0ed47ca46be48544a467018586717345928055b72b592d682658eb342019604469c4d0f064a8db75a63c0b580b7143b199d05a53b20cd25468342d5966c832f74c6827f1e4cc442e20b2052ce2ae474aab01ad5879ef5dc22777e050056288adf2862cd5f75bb5ef6b18bd6f28d99a0013f799d3dcb94eb3eca350f332ad50bcfad4cc8a249921dbc207ab5061e5290dce2c85a6a9a4c12a675c5250f57b53796d55380a27b7fb95b4587d19f9ebe252d2e1b1fbebd4e2d5a18a32f9345e919aacb9ea6f1adbe214199dc67e9acb7cb2f087167ef340cd078f8cf97c47a49de2c993422644b1622dd80c4404f59f1147744c5088ab235bd67acd56e40855afebda2398a15aeb6ed9d769bb0d3122d0682a2a9026fdf75affdb4410371d795320b590648211b8b8a9ec75218a218afcef262422aca9e53bc8ec0f8ada6f5f8f35ceaba1e2063d8dfd63d958461dcd92c7edb69b1ea7b0ce6615794083153457b855a6b3eb9572f07468d02ee8df4bc11eef7e6b715b496ba552bcc4b4e487d56f632c69cfc4857298d54c58655b2ebb5f4c93df6d73e1388ca8a15338d8c762c1657a3e410e15fec936e6f70e455e4e44c8149b42960a367522acad2958c8d262ca303e308c235a8e5485f5562eb39f0a2482464be97524bfdedc5092ae7bb6bc97c6112325e90a99f5daab18e2d85548661db9c340142be2c9543711375f7913a389208e95e61aa40899018de08d92ea8f36b1dfd7c05e8cf3e836b73125828164a1636e8ef41721da609aab9b72969bf342723b65f3b5275825935d593335a08fcab555b9792f371ef6aba0c439c487048bd40bb3606062a5a00f05cd0a794821cc103d578db18c613a39e6235935ecd13514e9d4628abafc57578fe467f75bd1e7bbb1789b1b2490658e54a18a668289a0b5a5a46da7910ae771692ad80cefd349bf7374205552c8a35941b2dafb8269296f7997f2c2b3c2adeb42dc70a4089ce910a3c44d68c4422f71ac2d4b045b4ed7904f23ad4dcd65c9323fc708a871f7adaf2b123b3f2e694082706764f5279aa9fdd1cd48ef8a8f45e9ab09ea3040ea204375385ba5396d5862ed579c9523588ad32c953552f9674f8a04af493a4e7472ad56fe959bd1cac711eab1c7dc81cf217a7c4ec8ca8ef052a45dc4d2ba8d59708c64bd22678ce5147ab65ceadb201f79f9487e667f2dfac32496d802a9f3a1ca52810c34c569aa7a4e8bd45c87b4e7488dcdfcb4e08955143bf361982602d12acf0f419b154542962916b8f721a1b50e69a2ec6ec3e19e10c53e8da0ca52a5b5096f7a077cf5f3b073dd9901c513264a798940d450d24430b1fb6cc56bd5bcf64c81d69ae60ef38d35c854e829dcd1b2fae3eb99fd735bc65e8947b4db3c4d3ab1aaa7befda63ea8511d15069cf913aaca97e4361686dc4458688fca951e7454c17c48709d2aac790c846e2891202da591c7d012293854994c9549587ff66389d5ed6e3219ca24ab1e75364c8a05495685bd7589588a08633249157eeba69afff4c5281280cc69a5d2ae23341a6223648ea06cdda93cfa4ec3573f9ed1dd566caaa87537a975b388e49f878ba29e5d8928e28fcbca52b8f3d586664b78e6cb96b57306ed85f9c2bb344442dc72bb0f4380e3b8e9166e69026a9d837b580446319858497a5290afc8114470e451c5990c9b1b4a92b8fbd6371589956e629006dcd3b2fa6f9ecbec8f6d46b625c34a54112a49ae061d7b04464b369fcc4b2d718599ada6a526cbb5bebda87ec89ddc7377f3409ccada28ff2b4c7e65c693df52527849b8bf9451205b051d2b4c885e14201c2c1dd22afcaf72714e93a570a5183e0c4e9d4fd6aa16f1afe05944810f5fcfe4efde8ca22ff58ca407901c824d4a6b22ab68663191126f2a26b234d72056cbeef50c1381558bed299a6a6eca0b53489f9abaac3d0f6e0452ba1209620455c1a048c3907594305dc52d838984b41b489f20defe681a8269825a43d6f38a7613210d97954d24b71f4ae44856dc52a2a64b3beb82c442a3e5fcbb34864c9577bc059214befa147cdfb70afb4f5bfdc9756bbfe79c09b4b3c2d658d222e4ace04c56cfe4855a66f14f11fd5d090a1361ee0051e22fe1fcc0d284a87db6bee2e89cf206c43ecd557e51726e16cc7d857e2cbf0bf0a4aa746f9ee65925574bee6739c9aa34df3aa9accffec01d85794bfecc91957fb02de6ebf746e60b7fa074f7044ddd38155534cbc0664864696c81a825ed649816648796de4146d470da2a1343d434a82a59d7ba9d85215615fd734e3ecf94cd62e20853bc61b089d37cc5eb917390f77b9fa375039990f66c4eaa0ae72ec9fd391dd1126c2a645dc5340d5877a8bd69184cec8896daf063889a6e47619ab84561d482a4eb3461cd35d8b8a424995b145a849e157ee26e6bffad0bd6beba356378878af0ca1d01b7711bf581fcc61feef628eb94d4f9aee61320452c1aa0f0c33a162bcb41295bfeb494d200d90a93ab5781f5a7d26783ec4f9b7a70ac45a9b4978553a7c91a873a577b9d65f350e09fbca0e6efee45661f1503bcfc0dd0cc0229641962334c43891a8a6929c9418a4d2d51cb919fec20438c7aadb49b04ac55a421446b06cd14dbf14e5939d19263e6c13244c0ac45a4471988274aad88ec2823de8848db5a2cc48c608c5fb219a7f52ad273c4285e3320c2c6a598cebe753b1ebdff982364c6912e63b0561031983527b04442d2714430f8686ddea1243d68b620057a89706513fe837bd2ecc72f9da0cd5a4a9f38051daf422cb6b423522feb2096264bb5a8a76e6c4e54bdde9f31bdfe48ee5062306552749c0215fca71446e198162bfced755541ed3fe45cc2a00d2bb20c2aac7ead579f8895a06ca27c6561a124eb0c5936e616bb56e5ee1726b1cae776905f78d1988f1a311c2adbdfb42019cdb58ce4304134431ace1c688c0b5495ec259896206241203d4c5dda0262240f7b205e2ba519441b1126362447a90baf9e9f09e8177252d2670b984890d813b3d4a59df52ce71fda206a46ec3c798869b84cc478f3a0086a4b27446820448e20a98269181efb9e8bbcf8c523f65e4a003091711a30039a397266ad8148b099216a1a4cc3b07539e2f0a6d03d74b2016c5c517a5d9c29d2478fb7087ffc6e6bff9ff7aabdaf79d26ec35a758edb98ba395642ebea893a085b07194a28ed22f45772e214b45725bfa812292a6264159aa6b2937adfe1cfb9bf5529ed7cc95ad672e539f6a9ab8eef403c9962d5ac8eab4785053c739aacdb98184f6ef7e43fff32d1a7db6bb27ed9d2ddcee8be9c62a204d50cd3b0682f235a536c2ff5dd2e23db4f88378d7360379e94a4d69dfb177c26add77e85c59a753fc608d1464c9664d8ae7f5e004c3e25e4b38c2af16603dbb348c369a3cc9ae1d26bb688d763ae7d6117524bd653c76a8c8b7525c699fdc404df2d379f6886d7aa41b4ee4e8ab66d2fb70fd02591f165f2ec507d1a999059e10ddfbbc9ce8bcad52733a2468cda086b0d8d732ed443d281d679300d1769feee0dd5ffec119bbdeffc10927586162183a86331a6b23a8c2b404d0a784c8cbe0bc394073511bc6ad4b45843ce22a49fdcf88f1640fbf70c0e35d995d2e93b7a30dcaf239e1b24582e05e7e335dc62788ab0b8d15a45bf1a4bb22ac8a48a4361ab92e536e0d79e6a9bfffaebade8703dc6d0a3b797d2dbee2192429a62224beb72446faf47769410ad099a6664ed94c6c5863b2330cd304d43b2db03d491ac92fa3a68affc5ff9c20b9468234611b2a3d41118bfbb18dcee4122af356a46643d8ba616d334a84272a30b91d0ba7783c61d6b34d6239254499e3fc4c406c591299ba90b09e18915411c290858a11d0bbab41068d96bc6628344ce895ed52071e4d24e051339f9348a5062ee784d4c77cfb07315e27588d75d14fb3511fec2c3d6fedfee275b445b9eda213193e0d33c5451cdd4be826b2fe00a508f3ae98be40ef982736017e180a66a283deabfd5ad44b5cf293e10a8620e1eac84febcdcbf6e56f6f3627f5ec7b09a4aad4753ce87493459752f6775f215298deaa1ab90aa8afc9254f9efbed88bfec1d34dd3ba60b1498fec3021d9ebf990eb29d1ba608c2539e8a1bd8ce6a5189b64cedf6a2bc2f652b2dd84f85c4cb6df237726e85354e72aecfcc8ab5c36ffd1b422b723f02071e6c2d899f1243290f9dd82dd0c4d94683d76a6c8ed1e5befb98b8d375d22bdd5a5fdc41ed2c9d04c49f713b2b6e330a619219178ad9613c22a64fb3d8c0ad17a83ac93115f68927a9257a8cfc4099d6bd9018cf7c732984684aac1aa60ad4066c832c36bbe738378cdf0ec17c1980855215e038d20e909efbfc3dafff4b5d8bb1a8b5c27d67d94dec6a9c20abbd3f1ac1728cc8292ee8b83759c50957c225487844d284c7b43052d6bb04a0bd990cd31136248ab8f67c9802a4cf287cb51e787d6cdedb9662aacde5c38d0796e37de741853652f1e5af97f7dec30faf8e19634d6ba68b747d649c80e7bd86e826929665db0875dd2bd1e0ffce07d1cbe7cc4fe3776b0bd0c691ab096eca047b415bb39a19d41e4330fe3514aa278e749c923a8173640f5a6ba68d3911d1434b54ee304988d187b98126d3440d491abf7decbf9efbe979d5f7f86de53fb4e03e55dc9a335e7e385557a7b09a61581c169b57a96ad579f23be7783ee5e42e38e350ebeb44db6dbc3f62c9a584c2b3ee6185f8480777361d48a1163483b16d38890468444866823a6b70ba611619a31c411c634b036425a8678c3055d7d6453f43f7e7596bdf762cda2c02f62b84db83aa9c348af54863a14e836568672f3f713acd2072d78cc3193dd712d93ff76984970e09e60273ce6c34588c435e8eceecd4b03746c91b353ddc6c7a2e41996eeea49d678d4ad7dcaa8ab6c5fbed696ffe0d36bd1f3ed9e88745032ec610f9204dbee119d33689691ee75c15aa27386bbbfe32e763e7f8383a7f788cf35304d21dbeb8211a22da7bd4206020d43c1a182d37a6ad19e8586d34e892ab216639a711ed5dd3423b2a3c4c7a9f20ee481df448674bbcba51f7a35e7bfed1eda4fed71ed67bf8cd98a9d3951dcbdf62865e3ad7770e9bbee65efc32f70f0e41e9a594485b5375d26da68b0f6c026eb6fbc440aa4aa64db3da2170fd9ffe22dbacf1c607b19d15aa344ac82d6cd47298d0d121bb2ae45c4a056689c6b16f79888783dc6f6844c23a411a31a639a0de22dc7322331bcfb52a2ffcd6b6c7a71bde12b6d193d67863c2a116bb446f8368ee32cd65115653a8df512fde45ff9e9bf1efee85fbbf5172737ef89d728e5f7497197f43de235ec0383cb877790b263559e92ff942b31823fc400b93aa196ab6884499ff75c91138fb4a840a04575aa61e93e77abcb8357d62acca57a45eff16767497131c3b58e13c0479e3d92bffafbc437b29ed8a343a49992de3a02db835e8f6813b2830ed96e1bd354cc3a88516e7de62ae94e9bc686419a42b6db46acc5ac47682f4513778ab3aa8b91e5b6f1a9fbb18ab613e82698cb6bac7dcbdd9cfbee07d87ce7ddacbffe32b69d903cbfe7fcb6ac853423de88d12483cc621a7e49955aec514a7cae81dde990f632e442cbc9dfcdb0dd14dbed390d544338ffa38fd2bb731db196e4d95dcebffd4e3214b311119f6f103d7a81642d26053211643da671d73acdb75ca6f5ba0b9834a3f7dc3eee801e45f0f2a945ad75e450d44519b54ad41250a7d5d324233d4ab8e38d1bdcfbee735cffe29ebb3fb2d84e4676a8442d03b1f0cc7e24d789e45bcf65ba168510f38bc60c79542256613b9ec60ff334be5097f9fe394d98b84c2754e0e0e5a5f48fa933e97f208fe40ef8009f92fb3c1d37d704ad95b7cf49116814154fa6f2db8668997c3aeae952ce96ca11b74a7ff980a3b93d501808745a1fac6a3218966f15b22c4b9375a2accb305bcc73e3b21b7d9afcfcbdfff4f1c4fc679fec46693321d96e135f16d29b47602c622c9259b2dd0e68e6fcab6ce60885b564edd4050bdd6ab87b70699acd06e97ed76b8f8accc29ac97612c408cd47afb0feedaf62ed0d77609a91d31a017298903dbbcbd1bff826e9f523b46b91d860d662cc6683ee7687c6f916263244776f61d622da5fb88eeda49058a7fdda6cd27aed45b2dd2ead87ce936e77e97ce906177ee231a2b7df85b453b6ffd6e7b8e34f3e4aebd5e7e9c686de537b4497d6904b2d47b0c88bc41a4a8a1003bd2fdc60fb17bfeebe6b46d08cf33a15e31cdb6d27832822de6c921c242e3abc181718f57c13b3de409a315907b0c6f97ca511e981a171a145e35c830cc3a54df82fefdd4ddff7c0b9a927b5a58f9db1a820d33ab3aa3acb360a2b92f92cea2c6729539f937bd8e1033e66554e940a335e4eb24ad3c130a7f770cfa089b12f2f194828d79b95095738c2274f6c2966c2db989d640ded7ee58b636fa81e676798171857a65ffc7a66feb38f1f46d17a97eecb8734ae44d87687ac9d105f8ac96e1e911d76310d21da8ac88e7a682f213ad724db69834074be4976d0f35a1cc56c369df62ab5657537a8623b29620c6b6fbe9bf5ef7a98c623978923e875a097e14d7e8a89fd21ccbd1439e8629fd9a3fbc56b745f3ac05ae5c1b7dfcd7e27e5e6675fa671cf16d19633d9c5776e205b0db7983b4ae87efd16cd575fe0fc8fbe8e04b05fbbc9ee2f7e958df73dc0fafb1fa2fde167e97ce13a57fefd77a14082237811eef8c184621e89f2594c6801e9d76e72f4cd5d7a4fec90bc74e81cf01bb1f3e96a39dfb0f8420bdbb1d84cfdae4303c660d61ba47b29f1f916d28c410d6a23a2f59878b3497747b059ccfafd6b68d4a019c3fff0aaddf4bb1f9c9e64d51a755e802c2daf452d814f295e61453f76d833849d7fc7f556fe11ef87e53fd317a3bdd05e798236386394ef296236c8b11bfbf32437173278fd36168ad3e093751bc7f14b5fcfccdff8fddd48d6bba4d78e88d614b3a12437da34ee6c90bcb08f4d13643d72e10ff6da689a115d68610fbbeef3f916592771a6403fcea3ad26d95e078c8b5b456cd05e0a22ac3d76071bdff328f12357d004b28e9281d38ae38679b3e10e80ce3622ac1ff60dc05c3de4c6fff471a2579de74d3ff85a5ef8e053ec1ea66cbcf31ee2d7df815c59271820c11124935a6c2725db6a6271c429bed9e6e0d7bec1c68f3c86d96ab2fff35f46bb296befb89bb5c72e935e5e27c3f97a667ecd1626b918a5eb35ec0de3d293d4d2fbd2750e3ff21ce9f3878e745e5a7361231a31f628056fe25315642d0631d89e2218e2734d17b8b419a399235af1a516440d7adb42eb4a8bf85c8bb811f15fdd752bfb81472f567c96e1e941f5ce042bc424a22fb078a7b8e62a43f0e95e258e112c1dc25d72efa7f221cf256d529e9892fb4795d3c9d32d2c8b25ff25fa085b9f19b2acae0a9996841c548a2c04a7bca72ed45c3861e273c930cbc3a7bccde6c53ffd4662fe930fef44bad125b97e84a609adfb1a8e685d8848ae1da0dd0473be016ab1fb1de7d8be11034a76d021da6ca162b1475ec12d427cc706d96e07911061dda29d84c6c39758fffed713bffa4eb21ea4a9db3167147fc8332e18a940b3a51cfe834f62b69a34df780fd28ac96e1cd0f9d4f3d8c384e63d5b6cfca937a2169af76dd105d4e276169634660ab9df79718e979b5b621c3192d8105be5e6dff90ce7beff11c82cd1fde7b11b0dac42a2c574a240248a55c9e72e770d1a0d47e67a4fed923eb343e70faf6177bb148ef01082929acd06dab5a89a5cc0c6f916695b31ad189a4dd27d685c68125f6a91ec184ca349f3ce353269f0e39dafd9bff1fdafcdcca0b3d2497dfaacf9272c0ba745d60ae53c2d453e11951762711df9b889b09c664ea002130ac4caff2d4edb252522a4a5e78ae36d46af4db4ef82fa6787ec4ca27c73f8584a61081f5b0caac861acbd6ca139ce8233a5c9aac12cb328117ee3f1aef9e90f6d4769ab4b7ae388ecb043e3552d485374bf8dd88c74bf4b74b181ed24e851cf312103d1b926f6d621d28a915644badb7631a980b5c7eee4d21f7d8c97fe8f4f60ac62f7db98f36bacffd1d7d3fab647c83283b5eeb8186eec416b8db4d144fc820a80189a59979dfff1c3a4db479029add75ca2f56d0fd278fbfdb0dea4110b1d15322056b7f8b22279582a4abf47d56b1c414395eea75ea0fd8597d176caf93fff36ece5751aa92535eef89d0c48adf8a94c83889e788509c587673010374122b8b0d7e5a55fff06079f7c11b3d6401a2e2abc08988d26f630f511ea0da8414c4474618d642fc53463ccb935b203454c4cf3ae756c1aa1daa075799d346df0ff79f420fbc147b7eca97f11ce831a8cd1ba6274d5d4e14d317b3a65354bd5d22c2ec193d11f68345fb9e97092131cd2fbd446fdde505afa3d18b5bdac9fea23487d99f83c867959e9f0bca6c3b81aaea605aa6fc7d5cf383393acd58b3e154e99b8393ef2d4a1fcfbbfb31b775a5da7a5eaf588afc4982d43f2c21e663d822481b5083dec38d39ecdd034c36c36c8f6bbd84e8fc61d5bd876cfc7911277e48d55e2bbcf913c7d139ba4acbdf751b6beff4de8fa06e93e98f3a04fbf4cfb37bf40f2e21e17fe9def401fba8fec0877b0b340b4093cfe123b7febf768bce60ae77eec2d440fdf491a0959cf71128c3b72c62b8468444a5a9e704a0aa30272ec971190ed43922f5fa3f9c6bb48efda24eb2a4684f508ba6e03240625cd24d7ae374ceee35f24e63fabc08518deb4095f56e87ee279767ff31b2447a9f3cf8a04d3700ef012151a2cd44033c26cb6c876ddbdd1f9356c22684f685cd940a2064a83f8e21aefba6343ffee3b6d5a591f3cad1dfa249c92324d23e62929d2718c127cc4f5535bce1950ec220ca6bb128d540d24294c6cc50d5a0ab3906bb128919e01de54f6d672f9850ca11ce66030ce562939e458547806e275ddc6a251574dd6ca07edd402542bf1d7ae1ec95ff8955bf18ee9600fdad85e8fc61d0deeff77dfc8f3ffcb6748b68f882e7807f5bd23171faae5d884598bd148c05a36dff520479f7b1e7bd081cc3bb35b9066843decd07ce44e5adfff16e2d7dc4bbaedcd7e5b96f6af7f92f6ef3dceda3b1f64fd4fbc0dbb7591ace3343ee0ee930634dafbb47ffb4bc4779e63fd47de4c7baf18fe7103d232b1f14a2063dc75295defc340ccce7c0e8b85268aecb4e99ddf80cc7d170b3422e8248e60450269e6cf311488222549254fd6881219b02aa4d6990d530b6b9b101d1cb1ff3bdfa0fbd51b44e7d7d06e866da7ae791510831a671f351b4d8862ec61864431e65c0b4c8c3d84f8d21ada68629a4d9ae75bfc997bd6ed7ff21653d9d13a2b1f1f235057b96e634ad67466505df914fac3340c9ae04aa13fbd55b07410739f5e6a40e7543217961dddcb24a8082aea1fc817a945bafdfab3d2d3653903c192b2f3fd98428fbdeb958949eba6ae246b3a9c9d9e70f520e52fffcacdf82bdd3d214bb07b6d34e9d17c7013dd6bd37d7e87e8ae0db4ddc5ee1c216afd62caa96ae4c21ae9cb3b5cf8d3efe0ce575fe69bffdfdf873473c7d688603b09a619d1fabe37b2f947de449a34e8de745aab580f38fcd90f22c6b0f567df83de7307d90168a2482468f0930a91dc9b106f0216b236b91b53148189942c136759c39f4968141f9c9d4cc5c5a0c2b911b8e63b3ee60597ae552112253e6a936c6c9005ba121664ea7cc50447aad44292088d58512bfecc6725cb20b38255cde799307749c3f995f53ef638dd8f3d0b0487767fc661ea0eb9761efd4274610d9b8026b8a37736d7a0d920dd57e20b6b48a349747e8d687d9d3f7f87b13ffdaeb5859c5f78bab1ecb1bbe4fcceced474ba51413be4046b901cf593ad12e1e9fb7eb8a669f0c2b1d0558180f96b417356364c16bfc3a341a5167efba4862bbc66c3c80a9da2a65f2183e35491ac0a54d5756dd63453febd5f7e31fa57bb8746b547f2dc2ec6581a77b5b0471d3a5fbfce1d3ff50ee24beb5cfb9bbf4fb419f971e7c9552b0294f5b73f4476d4a3fda5e710eb1cc451450f3b987b2f72f15fff0ee4de7be95e75a4433705b37b95fdbffdbbc40fddc9d6bff3fda47b82ede0bdccc94d83786b9944109cb282f5cc1837bb341a9004a39809f38187401c2b99f74a122929bf0115c538472a34109ff0a881f5b44712c5242a44e234503eea84d7d20b9985c8282d717e59194aaf07d6164eef43f99cff3b3e0fd10bd7d9f97b9fc21e25988b1bce4c680ce2e294baa8f53d882eb4c88e7cc0088d90f506d1d63ae94e4674611da226cd3bd659bb6393fffc8156f6830f98a13b0b2be9932be9d893653ab3687396a9ae637d724c5b828a4a7c9a2b6e41b20f398bb0c8319c705f68b8b42046c74858ff87f22dd2f755f18d52a8e175d87983fe739f66ea1899f2694d42b2eada01ea2ad718cc4db21658eee9925e6603549bd7fff4919be67ffbc6cd884e87deb3db982d83b4c09091de3a24ba6783682dc2ee1c915cdb4722afb9f2ea9bf8ae0b341ebb8fece997e93ef132f1dd17b0fb6d00ec4187d6773cc6f99ff876c4b6387cde89debc0cbcf814bbffe0f720532efcb59f208b3640216a8174fd3c6105f10ef4f982489cf6290c558b3703468ab582f1a44c0c4e5b55225371ec02a883f44d0343394f891435a314ab86247547ea44c66dce516f76345eb6cc2a8f5e84dd2e5c3f7269883a32667c79acbaebaa4178ff5ba17111ece121873fff0992276e62ceaf218d1869465e62c736c518a7b5bad575b64a8d88d65ac8b916c9b504b3b5cefac31778e487efe4d6877bfcf7af8fd277dfdfaa6209596f9cd279f0445451a6b3582f9362deb22fa2eea648736017a17f52fa3f8b25df3d5884e32bc2810e8b85951f4caf45348a415d97aa140aa93ee256bed37de1f297fcfb1071be2ae5d53ca8fe65beba081ed3f6c753a5c95a1626aec4f946ff6f7ee186f9e98f6f473d6dd379fc26d17903dd2e1a833484a82564fb6df4a0e3484e9afa716421cb88ee3c4774cf15b2e7ae91ddd873bb07d79bce013ec9d8fcd1f7b0f6beb790ee82bde9c6ab5568de07dd7ff661da9f7812b3d6a0f57d6f25bef72276fb90ecfa36cd87ef64fda13b90cb5768ef796d51ae52f25aadc89328035143f321af5a68a2066122052364298593fbf8a144b3e918512f318e0446ae0a82162b10a69c98a90f6d05d8d49b1c15c2a1d58aabce907e7088572043689ccb68ffa38fd3fbf473c8d6ba2b731cb9300d625c08f98d161247643b3d5ff6084c838befbe174d8583c70f89cf6fc0468b47ce9fd79f7bdf5a7a712dcfb57e98564bbc2cd270423ea796b7d452eb786a6bb30f1395628aa21a70642a37c3794820573a38390652336afde8d5f8256d543f09d29c98492072815c0513a45fe1e6f429386ab859ce3d9d3bdb4f56d045623a1126b97b75e1d12653dc17f8e8e3bb8b12657668dfafe56382c61b1c6fd3e2b9edaefcd79fd8313d6dd37de206d106884d587bd31d345fb505694276731f7beb008941c4a2590a69025986b9b08e3423926f3c8bbdb98b34fdf6bd240151ceffa5efa7f51d6f21bdda75ceecc61d5d18b540f7f6c90eda980b6b4497366834c01e76c1181aaf7d081e7d8443739983eb60bb6e81663c698923258a954814a3ea1ccf5348bb42da13b204b244b0a92337e1e41eb5ee3a56318a8b8b657164257c2efff8eb9a81cd0463c47f763f99556ce6d255eb65f4bf45c1266054910c34556ca6d854c83a82ed0869f8e909592239098b32c5ee456cfed9ef60edbb5e83dd3d709b05ba09d95e1b7bd475f1c50edb689a20eb06b31e21c662f70f89624beb8135d29b07243b87d8768727f776e56f7cba1dcddc59160c3f650fc5c81ebeac09ee847c1622c232269d05d6dd30f1f5a406ce518317710598a814531435fac9bff2d37f5da430d5e59b03734d52f94279d9188e79967c35d967e1f36afd61877be67b0efd0df92dc529cf7d65c83f07a59af8e7bceda02cd9d4ed7caa89f728e1a72fd4e44f1cbf6bd203a287e5b190ea97be5ff3630142ce935c9a29ffd507af469fdddf33c9533731b1455a60db5d2efdc49b485fdaa1f7c475b4db032c62043443bb3d2412cc661369c5e8fe217ad04662378e3449316b3117fef20f615e733feddffe04488c46e7d114cc3921925bb47ff103a4cfdec46cb4b0db0734dfff56a2c75e8d9ebb13362f608f0c786775132b2672cee9629d59ce66825a4133713e58d69b13073c01448bdf61beb0569c3931933ead930efc94af0198d88582d0ccf96061c5ed8ef4f70673a0e4242d9cb1ea640b61e7c5ff107cb83c897bec6138da87f6812b873d1236de763f5194d0fbe6354c1ca1d662338b7653d72e0a6623c6ee7690b58868b3c1c1176fd0bbd6a671ef06c9cd0e92ba5d9e4f1e66b2298677dcd558b5c2fe18163a7d9e2213dba8f7dd69c230f1672b539595beec97f4407e7364dfa7732e38957a77ab22fc82cba83009ba7c95b293563e4196ffd641f9bc8951d59339cdb55745525e0b5622717d85d5f09ce6444e8ba4a7c3a91e1085f03ae2faf429cd86493459e185353adf05bc3baa4872d2ca59d2abef173e75cdfceab3374cf2fc0e9a74892ec4d0e9125d6e71f3673fced1a79e81a40764a8cdd0cc1d7723b141d663e8f6a0d371a1181a312416d21411d8fc53ef4537d738fca50fd3fbf8973177de0d09acdf2fc4d71ee7e07ffb557a4f5dc7dc751e73c739642d026992dd003d522455a286fb1194ac27246d483a429a80a682642041eba460134776d46d15844c9d862a68a18246caffd6d4ed0eccd319a1c192cc69a548bd964a9df6eafe4bcaa50d25f587138674340b3bfe00eb3453467c5ad6dd636da105d3d2b32fbc04ed4371dab51ed8361cbe00d1fbdec5fa77bf0edbed6036624ccb2046d14e42b6bd4f766b9fe8520b3dea620fdac4971bd82421db3ba271c990b53ba4d7f731dae56f7de520fadacd64e6a15a3b663609665930cf9bc68ca8cdaba4160d5d656d2cbb66a5b23a8c7ef2affcf45fcfd3145f14f11e56b97629a804fc61cc32c864e4b89a38f022d1c2dc18a85689eae7faaba095f226c13cf5706f102e0fe95ce8d0fad26111cd517f35d768e91623fbb05427d2649db830984dce134b38519215d5513989057599676eb4e5a73ffc6274b0bd27f6c61ed1835bd8ed03b4db25bab24e767517da1d441c13106f4b93568c342274ef08b3d584cd0d1a6f7e2dd9379f73be505b6b602df6fa2e66d3f90d458d88d69b5f477c11924f7c8add9ffb90231bcd98ad9ffa93acbdebf5acbfebb568eb1292a873a0cf9c794f13a7a12a574dbe10f230915b5169165649a5c55469b1966b8dd46fbac9c0444eb3a4b694f0e04f494315c58e1069e20e9eee74bc99b1effe4253e51daa30c697c9c55a7564aea4f10a842e4920ebfa59c8cb2416b23d88df702fd23b24f9c2b3ae1d9a11d28a1031e86117cd14d31488057bd4737f6f35a193625a86ec20814cb19bc2933b467ef0e1351b99219d6b4c9f9b669d30bba6b97ce70ae6cd51d9d57f0aaf0ea7a49c75524e1e4b67a8096d7a141aacfc7cbfa0570f3b08037529744b2e464dbf7839d1191c5fe1e9a0d502f2785a7e96727ccd4fc1793c2b4fc02468c606d46341d62287637373751856c35afab7ce98a2774c10476c5caad3f86455350fcc9fce0266a40524a90affed875e34d70ff7257b719bf8d5e7c9aeed925edf217ef022f6e56decc12142e6fcadac7bf34b2b8658c86eee623663e4e279d6ffc20f913df3026091cd2676bf8dbdb547fcaa2bac3d7637dd0f7c0af3aa7bb1518fc35ffa4d0efed92730cd06f6f090b5ef7d07eb779fe7eefb1b24f61ce98e3adfa42381044f5234272952d63079935a96ba211fb4574143e4345252fc7853a25a719a2dab6015db75211e721fac113fea7da8c4ef042453ba1d487a5210aa3c2f274759e6b427a871fe5a815c89bf2f9807838f59282fa9fb093e5fbd17a0f93def61edbb5f4f767d876cef087bd0462543ce37214bd02c23db39409a804db1db871059848cf83ca43b87d89d369fbab1273fffb5c3e1deee15f5b961c94c9e74456fa661a8ff643b1ce3e41e5c794cf2cc194015bda33eef90e12836c3043f2caf215219202c5afc212af47b97974c5565e556385b5082c2aa88f71e02f5a9bac958c2c3ea356412762afa7482362de42b45bea17fca049d72585f9e0d7dbabde5619103af2207825a3abe9f01fcdae76f9a7ff1ec75933c718df8ae35b2176e61afee103f7001bb7340f6f236c658d4a6a8b568da837547aeecad3d64b3015b5bb4beffbd747ee977c89e7e0e596b60770f9086103f7437f13b5fcfadfff61f91ed1ea2ed3687ffcb2f927cf61b483342d38c8d1f7817ad6f7d27fb5f87173e07e9b6bab85599ef98393991dc97494b26bf404e8c388d924d4a66b792c3b994c84e61fa2bc890a6e24c74a21c330f0e3ca799db79082e0d5129d2f6f20682179cde33bfcbd0f60a0d9a7b463db172444fc30ec29e20de64a819d8544b264425790e9adffb1dacbde7b57070e4cf863cc2ee1e60b3148d21bab48ebdb10fbd2e1229e9ad035a77b7b8e7df78036643e9bdb88b4dbbfccf5fbc153dbf5fdd493a0bc134f3d4a4f7ce53e255d6569fc261c4f783f2cd24ef0a58d9bc595624f2a864664e7eea07873fd0bf12cac99178121522d668c15e249c45584e30ec0b1cbc5c90b27ee548d04e496efdeba33eaaf9b138fd34a66408cc1955e1a595f3baa1452dbeabefcc3441abd657f83e1c2359af8015d922b1d74ef99f3ef68cc164dcf97f7d17b226a4cf5ec36cb92357d2a7afa2c6a2a9df7a97f630eb4db758bab98b596b409a10bdf36d643b5db2af7d136935902cc36cada1874798d7dc47fb439f21bbb58bb4628efee907499fbf467cff25e257dfc5b9bff427687ef777d379c6607bd03b004dfc18b69293242c488a27396e80073f2ab58e581951f7ac96ae9776f959ff3796dccf4aca64c882ed7a1fa9f26ec2419fac40f8121f8e6b90b495fcaa32ff5b07d2d0c4cb1bb46b81ec59e74f66b49456026a9d43bfa4be1efc7de973b0f627fe088dd7df871ef8405b36438f3a642f6fa3494274d7266a33b2abdb44e763da4fdde2e63ffd2a4286b960e83d758b8eedf23f7f7ecfd8258ca999b398669e9a7b4e5bc6e4324b1e03568e85cfdd655bd3823098f868e3ce6438f6fc8887c7a439aa6a67aef2a91f1cfe405cfe5afb3e0c4b40833aabcf385718127d6005293d42bf66a9acc32a3feb94675ad296a9bfdb91bca05d2b1467de0c511256ca9727c5026cf3e3921cfdfd94824c2cfb3c859cfdd98f3ebe5bc4c95ac8e4328c520fc87b467c2f7ee38bb7cc73b62b92a5649d1ec933d759ffae5713df7f89f6ef7d0d6919d4802609f41264bd816a86dd39203ab70e8d18b3b94ef4fa87e1f9175df4f348d024c55edb87769bf8c10748bff40d9aef7c8cecc56b34bfef5d98871f25be7001a2756c62489fa5d879673c29eaf940a1a980c11d2963f0da22c06bb0dd9acd7fa7a03d8a68ef52cc3ff9ef307ff86b41c19a2bafd585813091627b32b29dd5fa78560df2f8573981837c4e438396bcf85175442e6aaa77c29262bd1922b4474a9690ef8494c185a557b209d07b3162fdc7be17fbb77f996ce7085a4dbcda9eecfa2ed1a52d8c289c6f62b70f30ad2647dfbc81d95c435a4ab4d5a0f7cd6d7e2dc1fce8239bf63df72e3600e9f287ce2c0376b15216cbf869b11a2bc789f9cd3b1f4ef2ec5cafb1110fcf3aa52f62fe9f22cdb8fc8740296aba9bf5729a538a3b255a3e27b0f8adf8b3c27420d17047997d85492df85c09fed0e83e7dd8c0b35a526669f98b3eabe4545840ef2fd611f3d0a8095a7162d9658e8e36f8d07409f591acca314c0e197fcb00aa1c8323d39a2393e7ae1fc8fff899e723bbdfc69c6fb1fd7f7e1a6d7759fbb687c8760eb1d776908dd88d854830779d4780ecfab6d364dd790ff11f7937c96ffc4b5a2d25b9b085aa926def41b747fcd88334defd2dc81d8fd0faa3afc3ac437694a069836c1fecb6d73a65b800a151dff075e6b1352d1cc08d14bb9105c4487ebc0d0812814d34dfd957f66dc7502cd2ca5305a5a9a35c8f99605a2e1fcd4ae90ccc03491b52efd8ae1185a64b0261f4a3b644ae7285ba276322e27cab72e2e4cd855e8e70244e5887e6535698b6d469c392dd75d6feb5efe5f06fff0a24e23cf603613c6a63e20676bb83b9b809119025d05cc7ee1cc27a0b895ad88323fefb2fde8cfec1957bd28d6638e871ce5e5c8bc5c8ca053886fa4934076a589899e8f4a47db5d2f286d5e2e44f98324dca355803be38eeba9b211db9728c5e0667b1a0d72a6bb0f29958f3e0a0f9776137a2f815829466355f8b7dcc56fad71165e7f7301f2f74393715e66dd98a474265c94d9fd0289f2c1df179f885c5a1ca9a1e99d61c99fcfca7ae999d2881cd06d9f61eda3ec2ac190efed91f72f08b9f0063b1dd2e7a70085986ee1d92bd7c13d330345e731feb7fecbbd02f7e91d6777d0b69daa4fd6b1f86c3366846ebc7fe386b3ffe173057de8cde88499f71a6acf4b906d955a043be68b27e8095fda9b078c77657c67e139b78277517a83337f98942574a31a770da211fa64107cc7d659facdc093d3ca7603b72dce17dd01fcbef201c6622d4dc44e9f2cf7dab4a7969d79b0953729f320d4ef829fe7a91aef83c7379bdc9542d64dba0ebf7d2fac16f776da619e2c3caeb61c7cd9506d2abbbd85ec2dd7fed7b885a427ccf061bafbe80d9806cfb902f5fdb975f792238bc57d08b6bf8f27d65a13e6fafda634c5f1d57935359b926cd74084c990be50acd3c736f9e0bd4a5cc7d4a2afcc1cc35d804caa99475fcb9fedd3d575035292855aead120a05ada77625357c9f39a14c2ea7239a5360c641f00a1f3bc348968cf83cfc026318d98ca879bbfcafbff625f34f5eda353404fbe24dec0b37d15eea1cd6931ed2ebe2b6bba5c87a0322b07b0768d2c5a6198d3ffe836cbc7a930b3ff67eb2f3df42ba1d2392a2dd2eeb7fe15f237ae45b499f17b2eb4a764889047901d49be713b783cf06ed4dd0ea048d4dd705000dc427687dc8fd969c8f96aa2329b6ec5355baa7708e27274b3af013a2bf97e360d99ecb9f0192e3bed7feb46cf8bbb85f4b8450b281585dd669e9acf59afc101ec286895afac8555fdec1f13d94d93a5fb0ec4568bcf91d34dffe1ad83f046b119b222876ef10d6233016ddde67fbef7f92e4f95b9896b0f1edf7933e7b13692ae94bbbfc83e70e4c3aad3356cdfbfcd9c42495be42867bc6fa44aee51af5fd92aaba7ca4167da1914bf11672935dbe9da6507d7b7109daa6fcc89b014216760d96afe4dab3fcbebe07183cc1399ff3855cbe6076c8d32955dc62facc71bddd848f2d067317b2da5a3a29b53e9235768931fa9e5cd33a851423b3abf1aafdb35f7b4efebb0f3c1f1ddcb74ef2f8cbd897b711a3983583da0cbb77e80289268973588f04dddef3ec4689def556d0036efdc38f70f8ec056883fdda27e97dec536cfcb91fc45c7894f409b04738ff29fca3895fee582015b223bc09cc6ba3820f53996475bdd09e7c059265fb8816ce47ab278eac794d9166da47b646060f0d797a6d9796c23668c7cf37aa90ba1fa769524210d3fcd9349038e977841f2455b648c3ed2874e64d0ddaa8706fa27ddab8fc7320568188851d86def72b79169a3ff07dc8a50db4db45d53abfb9247151f7d763b4d3a1f7e43574ff88ce575ee2c6dfff0cd1a51676e700360c4f3e734dfeda47ae46cf5ddd9ebc27d7b8cf0fc5325efec3f2a834df9a577a59bcb342b6a6a8f22a8b5c4ecb9f45e82e6baef6290c6e4a299c679f054f4b1aac90a43bbe66988d3490a23ead45b0100afde6c3904fc9a1aac85ac9498e84cf1a223904310abf8705a0ac9b9b0995b56615859c8d918eba759c3839c91a77a30cb947267b74d81de39ea9e39cf2bffcfad7cd1d7fedbd707844f6d435c428b422e87451816c771fd5340f5c69b7f7085ae7e8b50fd37cf80aedbff78fe09e07b04d4374579be4339f65fddffc71e455ef21f95aa95eca5a27afc4b63d88b794bbbf539148bdc94bbc094d038f2b9e2bc7a62a9bf4fc3d583fabf44042b8850cb703d16aa1a52a919e3ec295ff5dd2768518562acee13dd6e2689bd24fa195929144ce1142cdcd9c9af960a93e10aa76ddfca8a5fbf38e13ca5bd2b4056d9fa6e11945d3600a75f565773758fbd3df8f265d347391f741b1fb47ee8823af5e939681c336babb8f3400b164dbfb70d4e577ee689a9f7d797b6127418f1d1b8b1e3ccbe026c3f2a839275a18965dee1a4cbe8b72133140a1052adb0b07f84efe327727347b67f7c1241d0dd2c13472e597944852f951cf8e341829fddbb5efb6410d59f8e54d18fefefc1cb2c9eb630eccd82ce3f4978bceff184a9ac3c16b0bc8f9a38fefd6614cf5a1d239a582c27df66bcfcabf7aba638e3efd2cdd4f3f83245de45c0b3d6cc35a03ddf387080bc87a137b6b0767ceb3c8b90de23b2f70f4b3ff1873ff8398471e26fde667e8fcccdfa4f1e637601ef84e92afe17601067f214f1ab22e5c7c075c7a8b623b6e975ef78694b43eea498a275a21cc014ec383394e8a820f9418edf357ea33f965e19c4272339e0bd770dc272bf8341dcba327900806ed2364b9cfd680c9d1668586aacf9c59265e25c2173452c1142999ef373dc9cd80218e96d5a0bd731a345297b66420a9b8fa00ec0d30971ea6f9ed6f450f0edc42d3ba0ab2476d64a3851e1c2111a0197ad021bdbe0b9b31daeea0ed0ee9cb3bfcf641d35cbd71307fc71b82b163e31413111df179eccd53a77e4ab18c224cda7f2ad3325651a8c9d23871d553447187b2c355df46c0c1da51c9094fd87e1db459438c7dc5dfcaf05d420326394186ef14f42aabb2e2a3947a0d5127a996bf7cfbd8590e463a67d565d6f23fffca9722fbe0398e3efd2cd9d3d72006691af4e62eacc7d85bbbee30e5731b64db3b9ef8a4c8f92d2432743ff051a2c75e47f4c803747fe6efd2fdd9ff1ff2d0ab308fbe8fec7110735c1323993b1a66f7abb0f72448036c5bd8fea2b8809b780d50ee941ec8882329590f17070a47a41ca902d3a2581375a5ef8899dcffa9f4a309eea89d144824d76a15a4cc9b1733ed276aeae4c5ef120cf76aa62ef0a7bf3f77b82f478c1f205f799a6513a582b6dd21d6454c2e4513aff5f2a4ca7af3a2048d5fb8d7ff5df6cf02489e83e8dbff08e6ca79b4db45ac23cab4fdb64751c852b72549bc69f8f0c85d4f7a1c7efc790e6e75f98d6fdc589816ebac42467c1e7bf3d4a997b0bcf7fbfce99cc9d75415859a2c8d7c40e6e77d0105752ac21f14fba9f141484326032d94139d012d555080e5170b1b62a1d5f2814d73f3a0f429d69412f92a9b20257f7c808c954b53172c519a7a15fc18668af85ed6602e0dcbcdefc6ce21bff7624fb05df4c62edaeb602eaea37b87d032cecf2ae921e736d09d3dc82c9a25c8f94d672abc7a1d1a0d746787de2fff2ad13d77d3fa37ff2de2eff873248f5b54ac77aaeedf2da7ea76bd245785749f7cd163c22ec2a0cdb18128f8019778d780359c562c023621ba2bc370157dfef3c45b871803f418ea578575e44c22882e4274defdc806b9cfd36044775b7236a744c06c57200eda356f8ab4feb89d5259e9236dfda4aa9c6e5fde89ff1bafb1229c4841ee5346e6b47cc11fadec9f956bef6c898cf5c0eeaed1fcdeef82ee11aa196a1da3d3834317d3acdd858641d304d4a2bb8790f4d04e17d350d297f7f805c51cb47b0bec99b7e1306e3e18f3fdf2deef031822d70a09d4ca4dcf4b401e072b98fc5cccabe206c75d7c30d03c9a3b25f590503c10ee769aa69c9e0d6dd710ffaa08512a04021548162e3021524abdace12af78e52aebe2c552d14c6f7c193ef2a7fdba7153c314965f45687c9a42aa91f27bb7f05983a4e96e4ff2c11cbcdefa35f7ad1649737a0ddc3ded881582036e8b56de4ee8bd897ae612e6ea187ee258b2ad28c616b8decb997208a90f526babb4dfcdddf45fcb61fc1be04d9e35de7a46dc4f92511f9ea2c54d21a027f96344af9397c14634f82bb400ad19d40f63266ab859cbb84f652d2c7bfc4d1ef7f9aecf91bb4bef31dc46f781dd92dafcd09635b28e25e6510df01d2b94af289c7a1d90011a22b1731773d46b6efc8d744abd80eb04e7e30749f19a8a45d0fcee6c1f54028169979c498f2c233f89c758058b15d473235754efbf9c2331cf915d2084eeea5cf1a84f175afd7217af84d98fb3e86bd7a0b1a4de7149165d04afcad5e452619b4bbb0b986dd3bc4ac37d1fd235e4eef94dffcda73e65f7bc72376826eb650d477c6a902c7df3ba3bf3f8e4aeb664462c35f1f4b946b02cca531ac49071b27469cdf14145479e0ce40aadcb5be1d7a3a40a08001d6e589513e47e50eed5a2451245826510af993210da1e4bf3558b242ff25034ef17ddc6faa0a2aae4ed68627df35951a3a48202711b1297a565ef983d7264f62d1586c30d2d382a2517efd0bd78cdba27f00ed36726983eca88d340c92244864d02441db1df75c6c903b2f913df302b2d6429a0d746f8fd69ffbf370e96d645f3a446310e3353e082a4e792d6ac01a371344b8b12ece5418ced913842c73ddc8f831a5064821be1ff4e61769ffe26f20172eb0fee33f845cdca4fd8fff39daee113f7c0f8d3ff21ed2de1ad991ef8aded93d7cd60c1af782de788283bfff9b68cfa2a93b42a6f9aed7b3f1ef3c86ed506893a4a8ad30bf0c42da823415daae3c7977b7e4ae0b92158994a69263c42af7ebf47fdb9e601a2e648378ff2ac98a094e540a93627876e06f97b0149f33d05d43fce637d17bfa77913872739e18ecfe11e6dca63b062902c9125422d83f42d6d6485fb845e3b116bdafbecc2f7cdb9de6c7326be368b5d6c2bc3e9739cf94d7f94bcb72fa18ef958a3722b159c2104cffc80a5f244bcd767439c78961f29bc2cad4ff2b21e15c6955eabd823f0c7a90c9f7dfabe1f6d26d7d0a88b2262a70ad7cfb5fb17bb1dfe72a68b7c2f4ea578bfe99becd8861557a4205cc566d8b4765124cb2e2af01cecc01d12308fd786daa6b94c79fbd291fbb7a20ec1fa23b0748d3382d55bb0d1b6b68a7e3b4597bfb043b96b9eb0afaf235647d0d8c60f7f7d15e0f7bf525b8d6034d104d9d36c47af3933a126345895e2b982d71e6bb10e620ec9053772d3889db602eeb417c0fe8eed739faf95f45bb29f16b1fc4dcf72072ee0aeb7fec3db4deff6dacffbb7f91ecfa05ec4deb761e7a258cd5c2a13dbe17f4992f71f033ff0c8c419a318dc75ec5da7bde88c486f4939fa679a5eb8ed819e2bc3eec2798f2c468bf337cee73a6856f941df81dfcb182d37d30e569e1b8ae1d1f805dc499042dde895df2673538bea7f46b02bd3f56fe3b7572d96b10bdf6edc8c52db49760d5a23643b20cba3de78315816629a2163d3a7289a409bde76ea291f2f59752f9c8532f5533c2f5d887e97082147a2ccd0aec0de326fb71984184b1d91d4b534ff86edab4568d1abe481682d9cb190f5e08a1a754a4df272ba883066c6ffd9aac103241725614d4ef7d1c7030609577f6286bd00a7d5871df808eecf81055fa9e08a92cad5fd64c3374daf0d1c77779efa317165287239ba6ea55efa815e5848ffff6679f97ae5ab74bb0e3760cdabd7d64ab0591403743f7f67dff57cc954bb0b3eb544ea98f9f141914257bfa19cc7d9e2564068c75a6c1d4421c816960ee6bd3fdad5fa0f1be1f467af7a11d0b9177300ffe4a09c5d97be20883b90beccd2fd2f9c55f43a21862217dfc19e2073f47f2e527c8bef90ce6debb60ff00695dc41e8a0ff1502cce54a1f130249ffb189ddffc03a4d57279c6116bdffd2ea2d7be167ba30d9d03d2eb0db48d2359c34c2203d744812341d615ed961679963eb3649f4f271c5ba0b9f59c2750486ef6d30e98352db457a17e82714e7c3e91e61a3793154b5714c46ab138b4a05d41db5b34deff3e3afff85791ad4d574f62d0a3234c2376e43a102f9c764b3637b0d776b0afba8c8d9afcfc5a37fa9e47ef4f27ec72a321c73ef4215839664b7af0b91a4c9c8b10e1589a83da8679d25a2d2a7bddadeabdb9847c4b7a643d76524d9998684eb2c46ba5249fe48f3d215aa8d7fd57fd5aacc1d9b02055f9f7613512842aebf025e8d928d45438d2d5375f9648de3498999055d158a77e55331f3efac4623459239b66de556f854853cb6f3d7ec3d06ea3fb07482b763bc96cea7cac8cc1deda71c145d562b6369c837b9aa29d0edaed519ced29e8d121d6a668ea5545498a8860eedf82a641b662ec539f21fdf8a7e9fdc63f845775dcf84ed5ef3254a76a2a851f100b1281d938a0fdcbbfe9ee91081183ee1d72f40bbf4ef2e56fa0c6903df322473ff3f7889a2f161a32ef20efb4494afa12987b1e845850b13ed8a6854b57e87d137ad7d749bb77921d18d7d74b5aa172b80749fb7f72ed51c7911c4d8afbcb61218e8555087f87637382c37a69c7243ed482f6c4ef7874ed270dc5acbb1f69aa73b4f7c4898efbd123b087600fc01e0ab623d80e8e04c68add86e8cddf46e3dd6f46ad8fe590ba30f0f6e01069b8730b254d5d5db53b20165933a45f7d011a199f3e30f2cceee1c27bf5ace46a38ced844b62a8cabc609ab7992db166a655906e6ce777c2d9522b9976c8483ec2a4fcb69b072274d7f6f30273a42584a478b1f1d4c6a200395d2c1d2396d937c89190e9b2ef20af91cb3371649978fd329df3a062b7ddf2e745553cf496c50aa459b0b97590bdaffcf0937c11f3e7155be7aeb48ecf69ed33a19c1ee1f409621e7b7d06bd721f16c67bd85361ace74787080a4a94b2844ffcc326836d0543d0173d1decd835db2cfff3ce6d275681964630bb97801fbcc73a4fff21f238f089a58e85817934941f318588e4c987b2cbddffd753838844604ea081f80d958c7349b9066c8c61af6a0cdc1dff987c8e113ce19be474eae44813de0e2ab30f7df8976bb60143d38a0fba13fc0dc8b3bfaa7e7154416324f86c2cebd9c100dfc846ab05da719b7529826b3ccfde4042b730140f3b3083306829996cc899938729542bc0957de07d17975e6bb14b22321dd17b27dc1ee09daf6c4b25790417cf80817bb0be838a295ee0b761fd2af40f4aef7610c98b52666731d8923b4dd463b5d17f72c4bd0cc31463d6c63361ae8c111f6f95b7453f8272fde3ac109ab8ef3c02413591de50ea8896ce3aaf134bc034f0d4eb48103650d96529c4ce35567658d509f6633902a05069ccf0335527f63ee505a4a27e89ffab5f3a5c3a0fb828e864be2450bd703c92a0b5ee49be75d127fb6031ee7c324592e4fac55a8d8c6a35f2a97feec211ca6cd6fb190d23f23c5f302fdf6e75f346419d9cb37400cbabf0f698ff86d8f429aa23bbb804536d69156133a1decce4e914c889f9425d03e207ae48db0d383358379dd39e4fe36dd5ffedf493ef821928ffe06d24c900bef207aeb5b0121fdd4a7c9befa01e48198ace3b7fba975e118c24f0374ff65923ffc12b2b60ed6a2ed36f6f0c0fd3e38c4b6dbce8f2bcb30cd06f4320effee2fc1de37882e020979b05251a007d19d57e0e0c8698cd65af43efd2592dffb90f3cfea92939f3cae958f85951fb733e4c7912dc5b6bd162b68a0fc513ac51985e2c34e7822e90f7c963e528577b05758536443b15de83c8dd340e1895d42ee5315e6c840042584b9c8348f884f66bd46d2b12f910cdd5388eec33cf820f6ea0dec51071a31e6c226ba7f80ae35d024f551df6d1e134b1a42f2cc75b497f2cf9fda956e9a9ddce14e1de6917bd1b36c59b605e5b58864ab4c73eeb4a64c609adb97fdeef7ddc10cfcdddf4dfab443650d51e10125b9134141990aa36129e483276d05c9e9372ee6d1db45fa721bf4a01a2465fdcc2f88e267b5f2b32b9a5326c9b6ced3ddf17eb968698bf48f93ac31a3a4ce15c9c9e2a599e5834fde14bdb98d79e42ee42fbf1f7b631b73ef1d34ffc31f71263db58eb0a42e9093bd79cb113155487b687b0f6def239a11bfff07902b6f436f1e11ddab241ff859baffe8ef609f7f81f85bde8bfdc297d09b9f450f217ec7fba011436b9de4b77f1b3df8127229c6a6993301e235393da00dd2388fb97c11bbb7035942fcd6d7b3f6677e94b57fe35f67ed277e84f8cd8f82ed6277f761bd01bd1e1c7539fa999f43a2eb2e56563938e875687ceb7b68bcf9515c347a45328b7dee26ec3c4f7411a4e76490fcd81bc9b5498e30518acaee0894a49ec8f49c794f501754342dfcc18283ba84dfa53c7273a4024d45d6d539997704bb2fa4dbc2ded785744fb047ae75cd863711421e6cb570ae0f6716aadf6c9062adf37e179b15aa3549d0ab10bdfddb10efc4aebbfbe8fea10bb1111bcc7d97d1a4e7e262a5291cb691b518bb7d807df926cfec219fb93ec5f984671e4b5f569d8e6487187eaa486b29094c73fb8a4642f4937fe5a7ff7a396846bee2d6424bd4a7c9024f8286afc865f073502e0d580e4b271cf6a1504695e957f814889de4ffe5f7959897868ccbfc70f55c6b6e0cd0c9b1d7ab4075e9ce26e573b7ba3c7865ad7269ea86cf3d75537ee65f7d23ca9e7f11b9bc81dc73117df22ad288483ff879f4a9e790f35b98c71ec63c7a3ff62b4f3aad8528241db87007f11bbf95e88def267ad71f43cebf91ec9b3b440f5dc47efd03649ffa0338ea10bdfd5b616d0dfbe233e8b59789dffe76e8dc41f4e879d24f7f0a891ae8cdab44ef78377a23c33c14a1f175642bc55c5c870698f35df4c567891e7e90d60fff18d1abbf1d4def85f432b27e2fd11bde42f4a6d712ddbbc5da5bef475b17891e7d0d8d77bc01b9fc00f49af828112e2e5706da5d67ed7bde8aee5c237dfa4564ad891eb6e9fecb8fd1fcd6d783dd729a25a7a226f75328fd48e9a7ef3b70a4aa81d39e053fd24c4a2115c2efa065c239a9b714133bcd946d8b73440f8a21c19d0f9988cbbf2768c769dfa5a948c36bd312c91ddac376441b1cbfcabfd569ce40e1c8625e7505fbcc17d1dd3d47809b4d4832a287ef62edaffe20d9679f72e55d6ba29d04b3d6842317338b87eee4bcedf2be07aee8d071531a8e2786dc9b10c747f7b0f1bec899aa6a9c2659abc12babb4cb818b8355da3138489a0a6e5232c3e5dc47723254de4d18626a1d23605a5c1bd440854f2e08616e342477622fe5d3670ef4a295cf391428c5ce2a11b050c601c2755a306a0004a55dbd47c871e12615b9f671b22aa8fb0f7ee94593edecb917f08bdb643ff7111795fde636b2b5e1b4405b9b2829f17bde40fab1cfbb97bb2a184bfc3d3f8cacbd166e1c609f3f82e406727e03d2e7493ff961e4dc394852f4ea4b6896c1da06f6ea55ec573e8479f887908b6fa3f1c76e907ee85f3affa9a394e8d50db24ffd33924f7c0269b530af7e35d1a38f907ce0b344f7bd8ac6fb7f82f49b78076d9c66ea10d80173e93ea2d7dd874d21fe0ed023c72192175d7925a22f4e9d28d8eb3ba45f7a02596b81b5c8b935d6bfef87206a39029349691c4b7f9d8faaff010dba8468f291d3669514eab9d25b22903537596947c812fae70ba53461e1b452523c6f3b2047021198a6852d453b8aed289a593f419649552951ebcb9565b0bd49f4c6b761b73f0ceb2d48324853b2cf3d4ee7eaaef3818b1bd0e96236d61d593dea10bde56e5a3ff4085ff8ddafcbc88a292bfe2b98378e27312cd1aa26a8654c76b59e4ca7c2b8daaaebab63f972559fa38b83956b7d0632cbb54e52be8af8957388fceeae97484fbfd5ae78d0ff5d0ce87efa8694ff72339694fcb108c2e646c4b0042be59b4f749a479e172dc921397f1b89d3c3bd8eabe5e6927dc9059fa62b57e9f85e7931878d9d299059e5234f5c17d22eb2b5ee027e768f5c5fce52d4a6c83d7761f776c9fef0eb74ff8b9f85fd1d746f1fdddf83780dcc9dd8e75e42f510730e64dd10ddd322fdc8af3adf259b41a341f4deefc75cb80cbd04d636e87dec23c0f3d08d881e7c18b972054dba68e2b6e365df7cca99b78e3ae8b59b70e51e1a3ffcef62defa13a45ff1cef0c6939114a4e14c69da53d2a720790aec0b8ade50f406b97f92266013c8ba8e90b009bdcf7e0abbb3979b08e9f688dff816ecfe25b4a78e1489ba20a7a658eca9521c75337090741ecb4ac176fc622e045bcd1dcebdeca248cbe5931d4176e0ce60cc0955395e9677fa0fa119cae7294af0c24f14bba7d83d7f3cd19675c4cd5ac87c3cb22c035bc428c3a6ce046c53ec611779c39b5cfcb0dd3de7e46e331fe3ec167a70881e1d39a7f76bdbe8f93536fe9b3f4df2916f70f4fffe004fec25f2b1976e893dd1f9f4f4cc7605c6cd1c352fd30ae7d96159af865c8daf8485c87562b6d5e7688022d271589105b6e2b5461a66182d912d4f6a8e1333cadccc891d884f9ee428f2a684385b7d22f4a52de14ec2bec3c2ebdee71dfef405d35296524a7b144699e1ea3770275b378ec2b1d2ac72193341d55645b2c617739c30e3be9fae225fde3e926f5cdd172cd08cd16bd7ddaeb1ed1d248e910be7c97677e0f000596b3a42635c302749bbc895fbd02383ee75b0db1dd29b6de4f216fad2a7b0d79f83cd2d681f11bdfbfb891e793bf6eaf3481cb99274137a1ffbe7c8c55dba7fefff80ed6d17d4b2d145f763cc9bde0649e20655b38139ff10d9934db267bb2e04047e6b5f665d5c280bdac31d27e30f7bd69e40a3a8ba32490991d0b501d9cb57213268665d988717aed2fbd467d1c8a5613be2ce190c87416781f9281875f38c29f2514b1ecf2bffddc18543e815c448516839e2668f84ec40a0b473b238d8993cf27cf97cc240e4c8fdab0a1265c9b0a9c5ee67e88e235166cb222d750144d340ac0a1f2c4d52e4022ef4c6d165cc1d77391f3b7cbaa170cd183d6a6377f6e0f239ecd55bd8abfb9059ecd3d739d858e3afed1d44d686e05cf3f7d5b9b08ce973dce43ef299256285f36c6559cf5d67cbaf8459bac6bc28c2340416c271d25498eebcc6c94beaaee74c2937e015e4a99c3639f951c4ad52e96f27f104cef122a7563beee9a5c5f73e87b0bf3030bb5c0b262ee869a1bd92a292b5486f1248e9dfb382650eb6b1b74c208cb2ac88efe384a9b61f7ceab96d691f1cc17a0bfbdcf370e1bc3b16058b79edab616717b9b5edc22e5817f74abcea46d314b9e30138ec91875b1783cdf648bef115686d028aac6f6036d7b1dff83cbab743b0b049dcc03efd24bd0ffdae3b64388ed19d1dec939f41b60cd1953b7061c69daa460f04b29e8b9a693334712482f50ced64d0b5ce2fac0dc1fca5a92348e243199477fa89c5f9461d5e257bea69a4d1f0b1b0dc2e46b5a99b72f2b00a8a4d9da2c7268e70d99eff9de0c22d582d166b91235f1847a46c22d81434f1bb0a1b8e98e991a087929f95d847a8ca3fe568f056738d95db69e9d4659a65d82c730eec596077bebe0e52ecad14b214b305b28e2356498a76bcb6f292600f1374b707078279e03568afe73463d609a5492f9f8f6d9aa007076095cedffe00e6ca161825fbc28b1c3c75439eba76abd20eabf93f5362aed5dfe4794cfde88473cf497f2f0fcbcd79646ef3f4a815555eb5b3b60efd3888fca89c70d44cff53e16f19aaa9ea8f57d54f7a8e652a613e08baa022d0427eaf1f1ce25563b907559f5d3138b7877cfa0fa72ebbe34b9809c2ede14665c04cb9680c6f81f9fa597d86fc245558452d7b03cfd93956c7e3b34f5e131b4564376e602e9e475a0dd8dd27fa81f760fecc7bb14f3d8346c669adbabd3c92b76a06914136ee725bf5b1d04d91bbce63bff8bb2e84429240fb089ba4a47ff851920fff32b2b101d6620f761023c46ffe56ec538f83891c8143c9bef904b221e8ad1d472444d0837da4913867f324435385a620c6626f596c2ae8bac1ee7a26e2c3108855770073188f4103e483854a0374ff3a74dad8c3237734907706d7ed6d47c072139cf4698ff2f309837930f101403bde21bdebfec68709935891085aef02b3a5e891b888ef9e58958fd3d152da8e286a4eaa72877bd122d482cdb09975a6bf3c209727596187a017580f33ec760269863927b0a6b0a1c83983ddeda287094419bad3c6dcfdb07395b09e9d5a755a45d4eff254b4d7430f8e88eebd88763a482342bb6d0e7ef85b78f2289971f80d9f538ebd2a168139d21ff5e83c33e4609aab5b6a2f37e7ea722bd5fea28b50f9ab70588232f4e320fae260e5bf4bda2acdff0d5f96ec88823f60b94c6b34371daafafd8752a4ab7d1e95258d52b938de9c8848a121eb236f8554eeb68274153b1e0b22d757be72124bc3f01638b19f4dadf229b7c0ec58214d9bc83017da3390aca5cb3b32c32924d1fecf4fbfbc2b243d244b2132d8e75f406d42f65b1f21fddf7e05d6fc76b4284293ae7f4e3136431a2d689e473a6d1790747303f69f22fbda27b04f7f15497a20063142f6cc13d8ebd75c8ca7ad2d5a7ffadfa0f1637f99ecc92fc3de4d77b89ef58ed89b17914dc89efc8a7fde606fdc22fbf207895eb7816caed178adc5dcbb835c89310f36881eda81d6f3c80309161fe0b44c36ba382d968f3fe522c583dd05597b33eb7ff9ff4ee37defc6dc7909c76220fdea57214a9ca9ae6c56cc6354f55f3f762d903a757f6be2827f66cfe2cc98de3fabac9dca095b08f9906baac277b6a4adb2d8cc69ad34f7a3f2da2a9b411afcacbcb35716b45a3e4cc3614272b5032db8f41fde85c4197a9038416c8a1eb661ed0ee4dc05c802c1b2de372f7333b8276ef6e60ecd9f7c0f8def7d237ad4864e42ef173ec75dcd78c66152278dfdfc23bd4a8d7d35f34e15a9ac72c69e064bec4b956735bbea352ef38eb205d09197c20457d6548568ee82274c823f9e835c61e488d3103360e9ef4084343fbb30ec11547f927c59d5149eeca74f5a3a66a7cfbf2a9829fd76eebe33130785aa004eb2b2d66f96e74ba87c0537996c8377cc5ea2e9713c9ffedc07bf9f6977e1b8028dfb7ee47753d452e9d6c36ec2d76e749cef4d2fc11eba73068904dd3f42ba57f3f50caa489a148b9f2c41cedf01b689a6876004b9d024fdc8afa151e482f3da04e9a5ee10e57b5e85d9bc847dfe49b4d745b76f10dd753fec6da3c6b8584cc6406b8dec4b9fa6b311615f7ac93995273da4d922f9c007b0db3bc46f7b03dddffe24f6a967300f3d885c3c8ffdc61390f668fec5ff18d27328d62faa9cc89a194c7090cc1431be1c02d94b20adbb885fffc3c8db32b4bb0bdd03570fbb91233c03f5774c499e9f5358cc30aa40e27f87931dac73be372d7f7f16a6351f96269c1a91af2bb558d405d36c985732cdbf579c76c9b59575ed18d89b2d7d56f55a4885d4126d19b49bb2f7f3377dbea5fb530be906e6c265b2fd5d772411e27ddd12c41817dd1fd0564cf7177edf916ea39065249f78869d375f99bc6fce81d14367be59a4fc2e5a38261155262bcdf8a4aad3eb4f93ebe477ddc6f4e8afd5b8cf52562228c1f7a9ac190aa4a97c42aa9b94f23fcbbf86a27c20734eda4a3a67cfdffc65c98fc8e94ba32f05cd3f17e117ca8509cf949e3a510b315bb793d2bfb33fbf48cc53aeea311bdd3b8ea949d60493e732b177d091fd2c167de965d7313b6dd42892a548ec0ef7a59d42abe5cfa4b3f9a2862c41cedde10e68ee769007eec73ef551f4fa7348142157ee45ad451e7803e6a1b721e7ee856686fd27ff03aa96de87fe39e6739f86d69a7b51a789d382190356c93efa7bc8a5cbce8fabd5420f76311b1bd82f7c9ece273f89345b284af6e5af622e5c44db4744af7b0c920b68b783340d6125a69e25665d415a92c79ecab5cf0648c0be001041e332d2b8ecc66a0f4718ac9b0fca6795169b8c5d44f7a03e2feda329cf10ee59eff7a55d9086168759e31764f92ab320554e1116ae5b4faef051df9db62ddf3d882d4859f8f1cee96a6d4ed2482de67c0462d1ed84ac9322e762cc4543762b4122efc8df138863a7b53271b189a7d783b535a7c9f27561afed22cd1648841545b61afcd68db6798fd56cc32cb6738f4e7d867c4b13c452876485998d5b309e8479df44d3dc5505fd7d25629292c7e1ce633e56f9d6c27e421552cd437eaa383361ce673c192b2b9f02bcd379fe27a53305f36be40f164ab1d2480bf96b1172b47ce474b182955ca5954fb082d3968da480c7bbddd84a5c44ff1a4cf3c43c4e67071f2af18c45a97d9cac114833e55f3cb92d7bf76fc1ef1d916f6dcbfc4bd85a77c6a0f7b522e9152f67833b12e7ca23e8d60626ba079297c93ef73b103588def9c7300f7e9b8b3c9e1ab879e8b6f9f7be8e1eed21eb5bd06ca2873b6062e7cbd56cb919a197a06a91464cf4d6772197ef413637c8bef869ecd7be0808b2be0edd0ecd1ff821e2b73d46fa956fd2fba7ff18b9fb3ef4081f993c6c48314e5ef5aca82760fc41c9fea52f396b70a4cbf96795c67de6c6b3db291856728a5a298673aeb82acd2a611eca09979f10fc01cddab639d972df066d1425cd1539d902756654d5c2172c0bccae44ac426051efcca55e6b9513b7cc229762b49ba2bb898b23a68a7db147f4e03a66cfa25deb48ea9d1b58d3086a40548d9bf7921eb2b6866856d4836668a7833db2b4fedcb713bff9017ef566cffcd441d7beeefcda496bdf7ae1f44d691360f2422db3f8f3e575261b6a2294544223eff18146fd03122618f7b8fadf7d3bf9427440ffcc71bea2f96d654134dc5c22492e90e8e0b352927980a5b9443c6f3a46ad4a49141aac7ceecdf355061f198e09755273f7af210d748c985627c072e8d88cb9cc2898b26092b5a04abbba9bc87f7dfe62c4bb12f847311ced84c0298e549986f3edf1f1e09cff5578c903cd0df4c94f42779f2c12ec677f1dd358277edfbf0d8dbbb0cf5c737e55617c5fda42afbe588c61c0d9d51c99d3761be21869341075bb15b3dfffa0d390345b39877004c7f984655ffe02f6a9c7b1cfbd804411e6cafdb0ef4f74ceac274e5a04d01483f68066c8d7912e3fd5b8cfe154097fa6a8fb5c149d6c58630c0e6a197e3d274faee89a3812a846a1a7c5bca383bf03d972d7c4aaab3aeb9ddac3bd2112bb963455b94951737f34b9dc80831e7a988278226a71e4f69a10ddb341fae40ebab54e76ed71746f17e2a623d5028af164dc6f74c8bc39d65a6834206b93fcce97b14f1db0a170f5c2a3bceefc3d63fbe4aab1d8f96944ea5ad2272c4d966a31b9aca7a85455885a4e6321453f39c118c84d7239090a8fe6f3b0e4f38c9b0c7c988512092a4c7905e3522dfd5976f02acfefe16e7f8fe2838b86742973a262b20c9aaddc7419f2129f7198d80351d29209f12425d6288c1884f363f21447f68f293ace7286d6720770c86d61246b41c5899b86f5fd230efe8b5f428ff65d97f4dbf0b1d6f189b4e7fca232eb9c9c4d79b630e8f527d1ed67a177e41cd3bff32f61bb2db8fe3c349afe5e032a8849b0cf7dc5698fb04eb3946bc4fce0f1719810900be7885e7537d9532f38731406356ee3895a0bcd26d9cb2fb9a0a5cd18b3be869cbb0bfb52c7bdfc0903c6baf4ad80f1d7bb161a06ed654864fcf00f844af2f9427d082737bf84f37506da46072ffafa191ce7daff5d1e9aa6a3d0f2f345a66e8e0b3e56831a2cf5e5b19e1c86d009b91f963b70db06a265218fd8ee7db0e4528cee76a19d79d3a745f0c7e988c0b918dd3840afb4206e92fdfeafa32f3e8db9742fba77d3b79f1727e921c6b8b00d4490a548dc446d8abebc8d6e5d20fb13efe45366d3fc91b073a0c6a864a88d9c0f47a42e7980a1ea6539499c0a51996eac0efcabfc2e9f178373c59211878cfb488affec145525efa5b0120e131414bb74f2d9ac205ae2098e4a79722ad2cd891b21a19c21f539bef769a904fa4c96e17298308b24f2db8b8cfbf9d7543b09e7245755f4db91cff77d313ea76177d4615c5581d5990b27acc1d26d370f7bdc78f265540ddaebf8d1586c67136bfd0b3376444b2da2c6f77305cd5c77ff963f8bb4ce4173130e12ece14da411bbe7d5110622a7c932773f4af68d8fbbc71b2d2f8bf12f77206943ab899cbb04a4c8d61a74fd593162bd895f10e303955a75a6c65e075efd1a542ea29d0368187fe69f7183cd42ee30e5c7b088419a9127593e5def3fe5084ed07a857a0d01334d98780650aeff81055f5011e9c0fd2108671b47b212ef4f35a0b10a13a204d2a7eacc9bd6badd839093288b969cda03d172a4d95c8cb1bb3de8a439b92253778e61c3c0fd4d927ff5f7913bae10bdfb27d1a31dd8b9e5d2bf7027babfed630866a006edf5607dc3fb6109922468ecb746b68fa015f3d04bfbfa1fbdf7bea9c9551de784d13295be995463917fbfd8528e4bfd98987d17cafd78e413d561950d5e25b1aa18b3d678ee83559efb4a8a26fa89536062a1231fd72815baa640cbb4d090f5f5ff82d50547fac1424849d595a75de272527a46cb2bd672230df1760d4781954bb7688c9d1466c2b0e7c7a737ec8ee25a1da7d571e8977935246bc23a2bdd9665a03ff7fbe88debee659b075f0aab1bbfb34f9a90b4bdff746995907690fbde84acbd0a6e5e076dbb711019b0997372168331b87002cfdec0bcf60730af7a13e9a77f0dddbd86ac6d398d0de2c21adc733ff1f7fc194c7c19bdf16592dfff1768af8d662912c5cee418f2384ac13893a2f6ba446fff4eecf504b79bceb74af08712e3b458414b650462217e6083f4d943b4670b2e237eec076225a5ca1328889683cb4706ae8549c7d5973b2fb058e485fa75fe53feef0e482c2e606a7eaf16d39f069704a7c152afc1ea2758e199a0b5f215913ab3a01e247094b8c8f3a9bfdf5a6caa70d715b2cfff0af6a92fc18d3b30affe3c72e7a34ef8cca27bdb88184853bfd1c14262d175fc04eecc954e09a82e36da6187f61a2499a511155179a6ecaaa331d37431cd43fdf78e7e6ac837e338494da6b9420930d8df8ffd71c2b5338063c5aacfbb6870769954aec207ab341f154c840122e39dd205c28e9c221a5539d3826e113e0d109d32350b14aa4fe8fc111fe474b84d913ca5109854faaee63c2e3fcc7af0b189aa69469416e1c3316de7394e41abc798342beff3e3131c7fc7f16fe72159cb1ad6d9e1011a0b9af5fc42c43a4768f1242bed616d86119c064b8c232f61445a0bf7be03bd75137a1d178a21324eaba2e27c8c8c9259c588b877f0b32f2017afd078ffbf47f6f50f917deda348a389ac6fa19d43a2d7bd97eca5756c7a0b73e1311a3ff818dcfa22d933cfa249076d1f61d69ac85d0f2117ae903df105f48567687ce71f45365e877d7a179a9133b519e3fc9b22e3d63c06174a429c6952db29e937f7d1ae7566508b3321965c040a5235ba611c81d3e3d702512d236894c4119cc27f4a7d4c2c718726f782e37ae919ef4b556c3490e2689cf03db6d07e95422dc8c5067ad483c39e2b5616d2b3ee68a05684dcdac73cf476ecd73f03dd4392dffa3f69fec8bf0d44c8da1aba7bad44c28ddfb003d2e940bb8b3462d77f1217be410f3bd014f6bff355f2dcf6bebce68e0bd54f77330d94691eaa6824d6e33d7d021628e00a79caf1aca711664aa19756cec93389c3ed7dceeae1731f9129b448856eaa9c59500d514a287ca5f9a2bb4c7cc86f3d4e1cf2f9d2a79953b67c370fcef4a8c54a395f3c8af495258825feef9cebe584724138915ccd98605598ba33964877a5984de33609662559cb9a8bbef0fc81d03942d2d49db7a78a887782c6828931888f866efd4e3cdfef6d86d9b882acdd8ddeb8ea9ce0d507c634f878494113042ac6857f1041b7b7d1c316f19bfe04d163ef20fbdc07b02f3e89ee6fa3ed2e72dea593bd78039a4da2d77c0bd1f977395fab730d2432d8dd0c52a5f19d6f87cd0cdd01fbfc0eb26650e3c894063faccca291a06a5c5c274f484c1ca3ed14f3e02644fb106da0d722f4c81304cd7c6b945780be85061b6970b78d168f149707345851890485c9a363a16500477c82ba3b5f782a05798aa408a2ea0996f8dd83a22e22be6616b315bbbadbeb39929929164fa67db47b13c7d8dd7d64f30af1f7fd14d9effd43ecce35ec935f47d637d0a48db4d621c9b0d9812f9b8f8175cfddc47ff68f91fefddf70e71bc691ab3ba3d8675f62ed17bfa0affa4bdf3a741d7b1b252ca36e66c9635eb956d8dec7b35ea030e334962b80d360519a87f23857e1eac06980e227ed10df46c4139882d168f837bc934bf35aeeeb5e9ef4862e4bbdb6ccfb6285f00a65c77bb4704ed4becc4aabdf40033de92afb732d945c9d8861659ea147ccd389a67eee78ef1d9bfd223af9609a27e6a1b50ee1f0d4514338dcf32f6c1ca9f271945404e9b5216af4456f0fd0b483bdfc0e4c3743427c24a45874181fa34e710b1cf1812d5b0dccb916620cd933cf41631df3b69fc0bce126ec3e875c7900edf6e0a8eb6270d984ecc51b2ee6d34182b9b48e1ea5682c606274e3c8cd121b7760ee17ec337bee056fd59911a3d869d5521ff91c40043582ed65c8ddeb644ffe2ee91ffc2be4f2659a3ff417d1c3963349864d2fc1752a6fe7929a5a4ee800c55acc2ff0ca044c8b1f6b8bb94115db4e9156ec76187abfab7c79e9355862d5ed66f4873af7f95b11c2386498b508b0b0db75a4d32a361c2304f9f982da7131c8b87603eebe97f85bff24c96fff2decf59bc89587d1e79f40eebb8c6d281cdd82b85572aeb7b0b9e1f24d12a4db454c844a82ddd927b52614f178e89c338871dd6224a6b97fd6b94d667874829ba79a16178ae5e63c32b77944a8b0082624580cbe41859ee66bc8d2f2cffb5379534588b85e9acc404a3ccd5fe95752e126adc16ee1e5f1263ff13b3c429a792c9d5c9f46fe39d7a949991686c95873fe35b4932fb5370ecb6c06012a95791ab629a57fc7de360786c83498e68979b82f273dbb70397cbb4492c460dbfbe8d1019225049311d68737081aa0b4e71eb38e34e567f05d78047b78e0161fc1ff26ec42c4e27ca1dcb92fda32c88516b40cf6a843b673e0ceb3eb1ca0cf5f45771bb0fe266847e8ee3ed80cb1d66dffefa4c83deb447ffa216c66b11b11d28adc784e7b645ff87d74fb7174fb29a411439a41ec8ee7214bd04e074d7aeee0664f480c40922211644f7f136d77b14f3f43fac4e7d04beb649d1e599aba83936d467efea2cddc6eca3475652b9ff337f8138eadc952ac3f5a46352b9d1b98a25832cdb09aa29a61bd99567b09d214e703971f4f93b9b6c98fca517fec4fd084d98270a599f3ef8f05bdd5c69291793982465232775c8edacc3f679d39356a93fee1ef3a12d56d43bc81aeaf63776e22eb5b6e3eec7611b5481cc1d3cf93fdcd5ff05a4c0bdd2e1c76dc113e8787884d3066c258e8130f8295ad4e4b182ec390d758f59823fd518fce53a3534d8b0bc57273ae2eb752ed575804d3b7aa29b7702045398d29affe84dcff2ad7261d1754f2afb4ff1608471916ba905cebafc7988faafa63734a1aa89ce095ee2b4babe50f9e94e524ab9f2e1eff630c1635b7ac74ce9aa357e9a2449f5ca691f9fb2f262159cb991a4ab9ecdec43437313ff5ff803bee769aaae09783a0218c4216ce89f19a119b426b1359bb02bd7d2cd66945c8504ddcf7690a5864a38139b7e6d63fbb87b07b84f65214c5067f1e51e81ea1ed7d77865d3745c279779a213d1fea3ccbd0c30e7ad8213be8901db551394f76eb3add5ffa5fc9bef061a2576d39b2d0eba1ed2ef4d2e2ecbe2c73b269389bcf05d98c1e7d0b9aa6b0798eec531f45b60e906603ba099aa6d834c5a6893fefcf62ad235d8eb064d82c23f3d7f29f703d4b8bbff3ebee9aa68e68495a101c092435499d4c0d7132e38996fa330535f5d78b6b9205f2856bc7f506d94ed79dcb18e25f59afc9b3a9db216a6d513f698a9cdbc23ef371f4a527d0a8e19e5dbfec34538d267ad08673e7e1debb73524d14b95d9b71039365a808fa7def40eeba080747989bdb4c1cc47de87dc346571d546175902160fe19b0b2d254361f57914a1d88f824584c5f326592a3b9798da25e02130a020cd96ae8d4e8652861bf4dee533aa43c0521925c6b5568a74af1adf03e59810df699314bc6496f02c8c5cd650f4214e90fabcf89ab7851e33a27a14bee9443b39b420699af4aaa28edc8fc4b5f7cf4f19d996459446b3cfdcc8bf21bed7b445b065e7a11b4e53454fe0064cdfcf9725e83e234b9de37cbf690cdbb412324ed3a6d9366d82475044c04d95a43369a682fc5deda87fd23248f10ef0985557f50710a629156841e7440acd7aa644e8343863eb74ffa5bcf7a62a439d9b0fb3dcc6bde0891903dfd0decb5af234de77324652262d35cb383b52ed69666e8cd3de4de3763eeb8d369747677497febef11bd2ac3dc710ea2081337301a79b216642fc80a3673be475989ac847bfcdfa2d61320a79933feb0e6fcde40feacd78c69061daf251275e11bb2d493b1ac208936f565cc50fc8f4dd0cd18bbdf711a2bdfae523a3c5a7c1478f57288a8abaf6e179ae7fd4ed014a20634b7e0e810d637a1b50ead88c65ffd298863bfa3d0bab3258d716d9966f047bf05b9b0855cdae4c68f7f9b7cf5e5fd05e85c86a1be2fd4d192cd2773e9adb3784c22ea84f3f1f8a4aa28d3601a93d5757d7bd174303060f019701077e687d21d3961297d9fd3a142a3249e1415c1988f37d6a089afb82568a3a4b0f09da803f51a2909de120c6fa1816bb335fd180cd1e44dc95528245b52372b57840ebbb8bcec8708322386afbac769b24e36de56d71ed2dc647f77574832ecaffc9fc8de7564e31caa8eec10c520319af540046badf7df01b21e9c7b15da6d3b93509aa2ed0479e802fcef7f02bdb289ee1da2b7f6e0a84d7e544b204cb9b62643ac3a4dce5a13bb7f9893854050d46b7340dd1982598aa489d33ab71a70d846aebc1e36cea34942efd3bfeb0264a6997b362b4890236ca97b364b72ad8d5e87f83b7ec0c5cf6a36b14f7f93de2ffe8fd89b1fc56cbd84ac3d875cd9452eb7d04ecf6996324faaac2dfd38ad1059ea884616ca9b79f35e8914792d9fe47f7bb2950613a4fffba8eb7638aa4b5f4b64513c49d5ccd5935a8b4d33588fa0db73bbf970c449d5912ff0756e3d89cd1de6bd6177ff00bdf030bab6e5e420823441d30eca3ae681d7a32fbe40f25ffd0f48630d22e3a3fd672e2656a3e1c8df7ff4b7d1c75f805e4ae7aef3bcd0eb2e6940d749abd48fd192cd20f3622c4ae3516166c7939a7c7e9b7d269cac00435f493361b5542dfac9bff2d37f3dc8d14fb4e0b8137909a5f375fa8d7384e4fa922a93b6e2d640a38693af125bf3bb0acb17c8355241c23e83616065e5adde85ba2e4fbf3803ad22c8b10f63d3d711b70c8f2f3c034665300ccb9a2d949585b078ee569707afac4d99fe04324d51cf2fddecca2f3fdd369daf7c11cdba68d6c5ac6da259c7bdc04d8c1181e4281f7b6e5fa0d31cc93ddf015d67ba92f575d85c473a3df8da75f49b371cf11af4bb296fe30d2a61abc8bad39e69a7e777e05afab6b6a80b9d60d61a2ecfb5267950cb4e171a9bc8ba85179e84bd6de4defb61ed0eb4ddf1634df3f19ecf3259e6fe16858336d1bd0f41ba03b7aebb43a43b1dec37be44f6d5cf907df1e3648f7f96f84dafc75cbc17e9a45ea3a42572a5c5a4a3b6f09d0ad1d3833934776af7c44628b462fe3e091aba50d789737a975ee27de09ca65fbdfe5f3d0125cb90589c5de0b0ebcbedd3cdfde72cde86e87e7c50596b62b4dd43d21459bb80ee3d03fb3790c6061cdc427a6dcc3bff2c7aeb6564ef79f4f010cd1264e37ce18f66155a1b4e6b0748b309d2e0ae2fbdccdff853efcc5acd78b2ce3921a69956ce1cce64c1272fd4328b3f5f5eab6d2853b6d786185705010a9a290d3794742bda479c0609584826ec201cce2303351a325883222da4efb71f163a2a37c9e5f7e525903ccf22d64321bf4b538a4cc391187d1255870935ba535d9f1a4bec6313af17c28b77ce348bef262b64b87f52c7f7a930453dbffea1f3faf067ffb9ea61dbedb213d0f61ea679ce699630b996437c3f75bbd732302d64fd0ab21639729524b0b38bdeda433ff15c4100b2acd094e45aa9e004eecc62220a91a007876ea164dd3336b35e0b9442bb8779e81cf14fbc0e55410f8fd0c3b6735237a0376e220fbc0bdddc428d907df60370bee1b45859e61ce3ad735857d469ad72d39ef301cb9eba49fc8e3f4ef48eef428f0efc197b11743ac4effe3e1adffbe3f47ee16f62bffeebb0f632d13d16734f84b93bf63f06739762ee4c881e6c20ad28dfb9e8b45da93723165a2dacbf16085990312bd59155e707d6e9629b31362d39c8675e2b15f250451a06f6bd66d1e7993bb367694108b3905fea7ce1b21ea28e306b9a20cd2d9008dd7e01fbe4479147df8f5c780d2409da3e44ce5f8634c1eedf42d63690c63af4ba48da73bb3b437b375ac4370f7463bd39ae4bced8ddcf8a3167322cb6b42352d7e1df9ca69a5f866e6ce99840d43c0e16f907af5ac84d7e6eebb7a8fb1d625195cd85b907969233aa4098f205b3949de2cbf9153795bfcae3ce0462a5ee10d87cab759051075fd4a5a37d06cd74f9238335530433adba798fbd73675cf68d7e6c8604a77864dad4a793647a75f17cf9f5dfbfca100e22c28f7cef5bed673ff774e4825d0a9a7591ac095113e275b4b7ef9428e234246a0c980672fe3e68b460fb254702449ccf8ee08e7bb116d4802976fbba500d7e3c958f32d8dc80fdb63f79477d0c2ddc58177f66e15a13fbd211e9af3f0ebd6e9e976ae643152470709ee88ddf45f6895f43af3e83bef405e4e2ebd1ed5d7fbf1fa5c6a0a93fd645a450846b46f6a210bde93bc95e7c123a6d3086f891b7601e780f18217adb7b483ef8abb0f52164f31cd268e0036e913b7c773b98cb77d0f8febf42b6d7713b1901cd3553fd0b32f2e36f6cdf99a7e5b8578a3ac77f8ddd7136ed9ed77ca52ede5808d3b0d5c21eb69def5708481a1682f98f8f7f154268843010de6c48e6761f6a67cf4f7d16cedd8dac5f446f3d833efb49a778ebb4918d8be8e11ebab70d1be790ad8b68e708b3b9811e1d824990c71ee5c6ffe54fcb679eb82aef7eecde4167d92a7a72d509d61a8bb5288c48fdf6598905eaa0360d324c2087c93540f9445736c395994f89a1f849bb2f1f2ddf5bf6c51aa03a7d82e9b1faea7faea4e1128a835787de3d78d9a71ccc22527ce5ac8252f886899be4268e11330f0b1b2095d33e36cd37553cb2eabe7c1cd354dcf87b734dd692174ecfbf7055fee1c10346ae5c76261e55a7b1e81d40b406dd23488edc0bd83490c616d2d874610f740dbbbd8f4dbaceb72a6851ca5a2a75ced585090dac2dced1136b91b596d38824eeac411787cb85779010e2a111c15a8cbdb14df6dc0e1a89f3dfca2c12c21388a0d76e62ee7b1772f16e10c17efe83c886386b58a6ee7ea4d02a79bf28cd2c9a39df327bd021796207f3ad7f9ee8bbfe22f177fe45f4e2b7907ef316e9376f11bde18769fcc99f42a226743ae8c101babf871eeca38787d0e90042f6fc33644f7f0ab9f3027ad87571bd32eba731f521174208088bf5da3e9b876fc8f2ef3538e7ab458fbcd92f72c7d5906690f8dd7fcd08ba09d275be65b9d6300f19e1fcb7ac0d5a45f53e709e187a477d517561398eb69dbe3e9836e30dec17fe31f6f09a8b8dd66ba3bd36b271c111e19d9b2edc8769a0ad35e447fe94e3766f7e23dd57ddc9e79f7fb9227f83faa08eba8ed13295be99f41dd0f7d25c1cc6a57e4c4c1dfc63f08e05b6cc2afb70ae2d9afc91e270aa6086809269ad705eefafb282d8a87aa215228896720fc42d44ac2a732ba7319242db555282852cd4cbd147fac2a7b20d92b2bc65194ba4a95c395ace4cf345e6c4fda254c133bfeecfd864371e93d4d4887b66aeb8012de6087cf4f1dda5b7c7e3cf77f83aaf16d26eb120b08a665d58df425ef7dd886922adf36062e81d417b17edee43f30e483bde71dd7aef682d7e94dc4c183a7778512b195633d4a8330d1e1e8204a7eb70c074e6c302444864d0bd7d3f8e533082dac499fc4abb11d10cbdd1267ae70f3badcecd97b0cf7d06b97c3e37092a0a99f363723e499efca9273262e1b0833e7d03fbcc36d933b7b057b751e3e44e9f7809aebc1df3b6f73a0224a6ff07afe15e5b27f9f8bfc0662fa2776fc2e5166ac0b67b5855ac800b81818bcfd573e12034eca82c6f04c88a3a412d7a7084c4b85d7f690a6992cf437ae8cf820c4ef336c4dc4abdc9b50805812dccb76107a433390aa45db47388a8f845a5c1def826f6ead79c79d8fbc4d16b43ef1059db84fb1e84461352e0cd6f47bee77b91780d0edbdcfd959bfcd96f7b9d9da7bfd691cc4c346467127cf645dc540be1f2a56159d6e41d51a839fa2e94fe1814b42682578da1e6a893e1761106357848a31427aa446972fa12be75daa0922f56490554e8bb24d76ee51c468b575faee152fad276f7f4850b2dfd33682a74d7cbe9f569ceca7fe4a6ce7e2a962725fdd7c6a1ffbe932b7c71ddae86d3df31912629fd2815f93c824cf6f0427cb24ec09a39247ee12b4ebb621ae4873ca73dd8ba031ef936b7d3aebd0ddd7df0c7c68844d0b88ca65dd79751ac8ffe0ec1913b8f0130b0cbaed829a76b6b6407073ee278d819e748066986ac351da9dadb2f345e49cf2fc21c61b39afa009d292a8adddb86b507308fbd0750ec973e8caca76e8e10671ec3c7d6723f16d12c772c176b1dc9321624733f91df1da8ce5fcc3ef312e675df81345b4888a9953bb07be77504e9f5487ffbff409ffe10acb5d1d42297b730f76da29d9e2346d642dcc4bcfed548b3e98fb911e73c1f22cf67a9f389cad2dc8f4bf78fa0193b42d4f351df0f3aae0c59a19dcb839bda92d3bd75444b822f98f793cbfdb200bafb48f7305f3c6a96a02f7e0e896277044ff0b103a7e9b419e62ffc55e491d78326e847ff05fa9ffe35ec0377c1953b68fed23fd766b331577f9d669eab15669a3ba65dc45580da7392050ab8c2ee743ceb6984195f27a6b84fc8fd24c2e38a3bb2c39bd0064332f41327cd3fb9d44a8738e7414b4b72f9cb838aa34283a5e55bfb09b4f4ebc9423e859ecc5d3da6c9cccd81038b87527a41d2d9dabce24e38b110351c9d338bb49cd1362c97f124ab3ad9f676f7246b5e76b18c08efd20cd9ba1bb9fe1c7cf06791e6a65f1c4445fe2686681dd2766ed243b3dcf4943b70e7e1110a6d0a9e4c49abe5cc69bdc469517c7473f75c0f6935dd8b7fff80e0f88ecdd0d4fa00a6928728c06b61d44745b7b776e0f2036e2ed9bb857df2e370f13c9a662ebc43e6027bbadf69fe6c41f282237a39c483ba185817d630afb91bfbf90fc2d1be9343f104adff87c840b78ddcf7186aef44ce6f41f7ebe8fe8e5f106690f4902c41b7f7d02429d66a465c447ae382774a143bc771e38f00ca2cec7790cd35e4ca267ad8853475e6c660720c6712669a876520cdbc59d06bb6ca212cd2d4116a13a347dba8262ec82882f6f6d1836ba84414e7176648d4808d4baeeefef67f877eedf34e8b9581deba855cba0b9ebfc6f36f7d9dfcdc1f7cd95019661cdc8b18da135aa7ea40092b95a10e05aa0a2b7c7d1dcfba5a61f241e77c5ffbd448fea3e68d99efe00bfc2a10a5be0b1068d380b1b09f4d953445c3948c034f3aad5329a069704a77544efae855390b29cbd57728e2907c8255a54f53b73a1c8bfd75fc8e6548b1bc7c7375e3a4f7ce8e51b99c4cb2aa5bc7b79a0d35720e9a6bc8d13e2a8259bf036c824a86a6872e16567313e7c80460c134c1ac41daf326a72258a6fa17bc04a2d517272a735a1b639c99efe8c895c06668a6686ab159066b9b3e627bdb69c84270cccc0f9f5ee24c8069384ac77d17cc939aa55862378e9a6bd8affe3e1a75208a1d89519b9bc672d2919be102e108c7d2948ec451905642f6c1bf43f6a5df439bad3cb694fa6381d41fa01c3e6320fdc0cfa12f7d0676be48f6c9df0169f8185c291a19474e9e7d1e922e245d24e920bdaed30cf53a68d275f1a514a4b586b97009b9f34eb874091ebe88f99147b1bdd4994cbd562e8478102d6472c71c91c7cd7247ec041f2d472c354b5df4f6836b8ea0596fda45408c9b9fbd13bcac9d4324468f765c14fe6e1bed1ea2ed3dd7ce710437bbe86fff2e179fb9cefb1f7d60aaee3a7bdf3ee1c97193fc2cc8d32cde5d75b5b6552ac39c899d257e16504599aaae97bec0287998860029eb85dc77798475b4d07095c3b5e7b6c1b23ea9f4ee1c24596140f4954cfa3f49bf33fcff9fbd3f8fb3e32acfc4f1e7adaabbf5ae56abb5b56c6b97657991646364790163bc60c004cc16b624c040063284244c3210981f6460f2f92693c08424104220060261c96020e08dc5185b78917749d66e2d2dc9ad6ef5de77ad7a7f7f9ca54ed5adba4bf7bdad6ee117dabab7eea9b3d539a79ef3bcef795f863c55e8e7ac992750f03796f7eb7265262a820eb15237fab41a71c0394513c56c55b9549f43b3b16c4495318d722b37b5fe6c9bd8f45a4f17cea40a175d783e77fdf230866e7e1b70f472583fff1eb8340e2e4c81320b04c0823070673b295487f0c0761ae40102d5903f903de853791eb3b089b42cd9ef2c3e8340a90c787c42eca85c96ef6ef9126f6b8797cf03c5222cdb1686d764095349620096749f901073c4152a3d617f294f0ae6f2a0d685402225ce974c4d00877f0dbae015e0fe13821902a0fce701324035649dd57aa3e6a9c7a0960ca8b7075effafe11e7a1ad4d66decbc2266a95e5f84a7f3d22fff0d2895602d5d0562e9b833e108e0592c801d193f1172c56063b1c8e5410b3b01270b6fb45fd8c14d0e83c1b05a6f86f7d5c7808c05b2d2c22758b12403d2fba708d5fa28fe91aa60558e4c27349d1ec872c023c7046be9f96d23193e8992ad8065837313827504819d8cb0e58225ca284ec16aed15c5785368199de295cbbaeb5acea63fb6a7716743e6b21a3040cd879550dbb234d7a411759e6f6dae456a6e53850e0c5f9e695f3be10c0c62c8dc14e8a20460910bbb4a6c02a7089d5e28bb408162fd57794734470121b910076195aeb1bcc646481dbd02eb7bfd1b49da8440832f22ffd874597dcd4634546ac8b0a1e53622b369e65176cbdc5eda9ae9c28101384e02ed894e3ef3d4cf096d5de08933409244805f76416e01e2bc7e0164b7c02b89b02dca5e8b3c4f1a9ccb9963014cb670cd00d60cafe276512c81da3a0473552c49d7091214b1056a6b05b253426d675bf05c01ca883c1059629e90b493760b604b06425625a828eaa522e076c25abb1dde533f01321de0030f032bb60209471ab3ab18f3a43763fe9222ae091288602def014f1d85f7cccfe11dd90d6ae93200502c21ad7b9a88408916301540e4000596e1174918b8837de64c8120792f4b468f1245b8f7fe035028881219a2ffcebb1c3c5900b804b62c502a013829e160b5248116483075da7929ebcf1a843101ec8a675f1a0786f603768bdf4ef600270d72d2e0524e803e58f02c1b2a0038956498242e81ec3490ea042646c0f91c46ce5f433f79f8a075ebb635351abad73837cfca14ae52682df531b298732b500d7d3a1febdcdc62ebac407392468a153a84570eae4815130240caae4a113fea178d632ad831193f909136f61cb166c3482e468aaf0a51611a00aac557753f1b6d94608b5583fd3ae9a606abe8177136642ef1ca33cd23d0a9736c998818accd327c27006d6d2d2024003b05fed90f419bae0533c9d87945c1be14f3602b012e4e82121dbefa498584f2042b25f08d74b30019b350da2231bb427d954808c6263709e9b301e4960062506b0b303521e2d92963745220c08587123c08c374c003970a208b74a81762234832083cf80268f94b61adbe12c88e830b7960df2f410b3a8162411bd46b9b2b698f2442cd14454cc5640a58b118eea19fa374f717e13ef730d82d4231cce69fa53ec3bc0eeda055edfe9820420ed9245c5c7842fde979f2cf6579cd137eaf32eda0ae24bc87be218cde532d42659b6c05c882d7bf07d4d6a143fe607c1298ca82120e28931243aa5810cf53dac271b1002e16c4a94265cf55ca8bd3855dcbc0477e016a5beaf73f2c20d52e18adeca850634aa68a3ce9d6c1b20dd5a464b9c0406e0c041bf9640a47cfe442c3bc12a155e3dc3c2b533862033ec32cea92e994578f9875abb9aca884cdaea821676929a7884f0066b5e9d5c4d298c564a04c3176740433a104306a03060ad80c91914603afb05191cc4aefb2cb8a97aba4613ba5cda900e1dd5d832963b71e806a127c919fa7fe289d2992048b6c6cc4cbeb720eca6ccfcb2676e88cab1d53b766812cdbb6b1a93bcb58d4076aeb045fff66584b36017d9ba43a90002e02b024eb0350a215549a8472d249a4581739913c4f7a0df763e3413ad0a4640a5e7654b6d313b65e091b94ce80c747247881efeac1f58ccf2cdd08b030e72a968c48329ef66585920a56cde0e327406b6f85b5e995805b8277f031a030223c8eabbc55a0e55249022f06daba404b1601f630dc87be02f7e95f00990e2021431b79d2ce4ab33fac3fb3677ce69874160490f45c71fa517a4f173a3a61e40fd7057a1703ce38bc9fff2378e49470feaa8cd5954af4e45ec0b1b41d1a33810b25f0f824782a07721c503a0dd8b60faa3a1783db7bc4332ee601b2416dbda0854bc0fbef04ac3468cd6b85fb85440a5622032a4c09fb2ab589d44e4a49da6a7940a920406eb245cc05cf13b11d3bdad177f224bfff551779c1617e8eac6e7536a37c9da873e598cd6eab5696ae7a54c238a6a0713287704c5066f11955734dee077b5638c460b45444191f7999340ffb6024c07af96c926aa7823ec29334748e3e81e4039c20f1af1291d8b5338c3a481017f091e5432c6d3ba639ffd08033f3507932f9200be578b02e990f03bbc2bc9cb53a34489a39a79a01b22ccbc2e69e2c83bb80964ee01fff08700874ed5b84bd54614a8ec93c289101e787455c3ace03c549b0349fd41b19561b1e922f7c098e4a42cdc5531380626a4a25209106d949f0d8a84c0b1ff0689f5aaecf4c05c2ec94e0950ac231845bd406e9cc4638182e01c79e07adb816d6d6db81c214bcbd3f053ada84facc15a70a452cc436d0a2c5a00519606c37bc87bf02f7175f06bf701848660470f2947b028585583350813f2ff4e7fa3ebec02cd4a36ee84f1a8fa32862fbd1d21ef0f1fbe1deff45706e5ca8fd200cd82df6346b8fd11780c28404348a9553e514e18d4fc09dca8a75ab6b1168f132e0e84f8133cf8216ae02752e01252df0d013e0c7fe09dcff20d0b21c3cb857b0509e07ce8d80bd22946b0c56ec228c73d2e4887e4ccabeb552e0624e80453b83ee765b6f22a72d676bc237781358de0b4d7e1b9fed0d6badcd9b463de3b29e6bef8669498d8da8e6bdd709aa02b5364e5c634532854339cbc59c8c5f581466223a8662840c2f5b6c42aa203ef3cda48c5fc3204ee6a15e26e237f30e820adea3f19e0483fe7768d3311fdc4945a5d1c880d95624bd57418ca475de594fd60d2d8419351b88564cd6e806cf0169864dd64b57a7183f19066e7f17e8eb7f0b7ee120f0af1f065d7c0bd0b7117cd75f818b59584e06cc0caf3009cbce804bc2dbbbf0c00ee89d91e1289800a0540465da8142015e210f58368012a8a5436c7ac647a49d95d888309108544c1eb47d169164cc00260b7a33522a801249e10b4a4f6b0291a5196bb66dd08923a0ee35b0ae7833bc27bf0facbf597822cfb4805ad220ca83c78e82f7ec01060e81f393822d4aa4e11b66991b3335485937bd26b12c11e6a7e40a30a906a927bcccb39302f57481c70ec07be01ef0e80028d50240b0442a7033db8e8c15c9809b070a6300d9d0217000eda70a2cd9393701a43cf0e35f018f1c07a5bb00a71d7c7c0778bc5f0033270d72da418541f058bf30c4475194af3696b28f1523072690e508d71a76026c39222fcb02950a229dd382cbfa52337fe79dadf93c834d6055998d756abeac83a17ac6774df54eabdee446757cfdf984f895f85c664aaec8fb1d8d61d858b894832a993ae862547d623f37e3e49d896c48aaf80204975979494091fa171a7f953794fc3a06ca313255e174cc5aaa8274feaacaa1be506c1c1b0893a110eacc06c4accc3183a09b6e7933dde486ebe28b5fabc6ad69f1794e6fda55bfa371204b94d7bd2083def6510c3cf394385e4f0027db81814312c0b40a66e4caf7814e3d05defdffc0e97650290b245ac1f000c8587c72ae29353e7bac63f5f1d418c8b2c17041ad9de2e55dcc099f5ab23e0cff5e71c5056009e6837d3728809cd9a522e024c525150f91002669370406599670ad72f22868f92658dd4f804f1f00f5ac010fed87f7fc7ef0d031a1cab26c50220524dba0c18476262cab694e45359103db24a387cd858404f0e3ec24e0c9b040aa9dec0196036af5e03dfe55c19a392950b2459eccf44221ba64db65d99e0bc04900dd4bc0a78e08237f5d37083bb7ae45e0e7ef059f3e0c74af05966e011ffe99f06596ec10c077f12ae0e441f089c7c1a50240367cb3079238d393eb98e5afbea5a2f0f89f6c05e78680cef3c1c5498012b24f6d0c8f3978e2d9c3b479d3cae6910bf3715355adbef3a44df554b3d6b4f1691ad121d3c8230e05c53428ae9dcdc4eb51191a2a42d27a7d335119056684995136581a28416d36837928f013a087d860b8105a48cbebe9ab4002d9324c3d2585b221f39b72dda02b2afe25627dc2d0f4815576ff3c91e6af071cf3b99250c4a7994a7c9ef59751fb1d335617eadd0170de8aa5bc6cb1c3587731c08e606fb8081ed80bec7f08ece6c0ee04f8f02f415363a0643bb83805782f087f555c92197a1a902860217c25b581b3e362963b36acd64ee9336952d441fa67522a343f4e9e2742d9789eaf6a54b63eaef0520ed7038ac2464c3bcb34e2ee29df555c2cc003c11d1e022fbd0cfcc477e0fef2f3f09ef80fe0c41e50292f9c798281dc84508d32fba17e0cfb29e5d38b95c773ed2b4a78b367f30f06c86288388cf949a136636815225c1748a7c1471f039f7c4e18b2db16a0e2316a3b2e5784e3714bd2979770bccc8936c0718143bf04521d822153f577e5bdc502905e00701ed692cd40d71a707e4200a94216946e07cebb5404c266806d4730754a2daad4b4ac6cdca41ab29407f55c00eabb143c75066ca7c5f32849c3fa440a284ce1e18176fad9e3c79bbb34d0dc5d29a75daf7900ae80faaa39b79a14f76422aec7553ce6fa5c69a776d3a0ffd58c5210a66826cb004d24a9209f79123971246022fdab7fc52854aafd4866167653ea7b7d57fe72940d1805d49aaa5e26b9a58af0bf00261ad3bf7330adaf46ac2ecddaecccbd4d14c57c0ecadcabb72f33addb8c982ca36066c685e9517ef21bff8f0896f077e5958483d1541a2814414802279f103653991ea0300a1ede0bacb81618b3fcf16ca9f94500bba0d605226ea15712b1ea9269e1bf89211813d7d5ea40e1eb8ae1ab042de1f854519a04e9a0d470064e24c2f524d2222fb2a1775a806803cb503620203f092c58064e66c0f931e1b1dc138e4fa9a513685b04ea580aca4fc23bfe3860254457c90d9139c5c57539393daf7c1308f2592722e1cc94009472c0d408c86a91e010226c8d63c11b7901705a0c66cb5cc75899818ac3007a5df08027be062f370a749d076bc165d2085f55568eb4a951a0630d90ea003f7f2f70f027207645df590ebcd153c0035f077b05a12ab492e2d930a4213e34c0120db185eb0cb641175c216cecf6dc0b6a5f0614270533c92e60b783ec34bef88e5677eb866ba68533ea992b7375be4faf5eb3bd82cd7279736281ae1335cd43714cbca181454067a79e45c80395c65da4418fcfa4879743e3b3063aeabaffa48340cdb84b27514e44e5cb40552e207207aff310360bc2cf1541db73a8262a60c5c1bb4dbbae5aa459436276865af96c9be9fc2bbf773a3936671568448e8d50171211ae5cd7c1df7ce9ab80233b601dd8098f0b90fe04c48bd22b00760bb898053996b04f2a4c82464e83da7be18d0f00904e294906506e6907e77340210f6a5f2058988933002ca9b6f3cc1d0bd89220cbd82481a49f4b120086548816324056c90339f2449ba73c8e43a4b32d6123e6b160d00a79f0440a74e5ef03077f26dab67025d0da0b4ab40b46a86d2170e81ec1ec2412fee948267f33a684d9077cec055619d1b71040d12bf993db2b80c74e02ed1b04f804014e126e76107cfa206025048317784a824113b64eaeef5e0f106034372a7c96d949e1c6c273fd854cfd150ba0f43220b3183c7112b053a0649b38c998134e5f2991018a0c2ab9809797fd2c9e17c896f673aa036c6933ea004fdf230284a7db851fad49619f47760a4c40777727562deb3abb24ce597999d756687caa2af7ceb04de5b7cf7207cdb8b87a3ba04183604e00c3dac50a3357819379d2c0d4873bcaa8ddfc43aced8e669c0c16ccff5182231d08d00759beea4f8a01e67c8ce633596194e5db8bc883cdf25d12cc53b98f10ed08f16a46fd672e51793422dffa25aed4f20718789735a4ec3a664500a8d79430e25ba58b8d914875613de53170f9c625ecac58052c5b0d20295fac24982c92208308ec9504e3e31600f280d1a3e0c44290259923c823fb898c549d1541eddde0420e3c3526e2e8d916d8f2e7ad98430204b01162c70fb3237d54792e3c15ca459fbe9361788a4500b6508dc9d03dca0f95b0476219c49881f161f0d030e8821b417dd701f662d0580e3c70121838098cbf003ef228c84a0b50c36a29502a42f65587cacd0321464568c1733d7f9df1002607ded02178c9a4742d5104b777828f3ee29fd4338266eb40d4722327e22dc2a80b04f8618021bcc6c34ec8fb8d20d49e27c204a57bc5ef4e1a5e610a5cc8fa63a19407ad7c1bd0da27ecc41802b0b945a09415ec5b312bfe4a53407152381e757360db02a5bb81fc8478165e5100ae621e7d3deddc9a9959a0e719cb597921567829554f35edec67e9f6a034eb255551ea6d41835adc8cb134d3feab70bf65c209e5cf0a8058b840f22fcabb7988c952d74c920a08d85805ea41c17b15c813c90954e62341ed66a1b6a73edb6416084355225a15ae24f4b1271615140c9cca4a392d94e5d0cc9f69d4fd67078407c1639970f4e72a77354c6ac6555a6ad80336b9a3cb405678a855ba998015cb17f26523fb19cfed02124990f2e0ed95fc5037b005f02a4d81ec1671726ffc5950ca06653ae4d4f084dfa554120083d22de0eca878315bb676c0a94fe501107e942488f194dd127c9b1fd36503581232069801c32b1540b6027912ac59b6a8bf767e297bc2b28417f8d3c7c0674e0093c352e5e6029d0b8133fbc0d961a9aef7028009267852594a1f5d0412071f25182319d247abd564bd4109f0e9c320770a22b44f1270a780e34f819cb4acafefb41490f759b600b710b6693a3f059ebc9260939c36a0b50b685b22fc7ab1b26f2b816d12217edc12b83009e9825fd4b9540092bd40722178e22898840d96784c24ea0a49b7cbc0dfe464448fbb39e19c36d90a4c9d06b82855b609a090c3d55b2fe0a40a4f54f3c09ca31253e7d8a644fd30cb2fe859e9e646b429ea753beb52add02655aa192f78297eb067836732b40450aa323fa0b29f4831543ef422686372951101cc7ede14eea31055a2dd4544d45bffa6eac4e10c7dcec93cf7683e98c03d21ea8d437fa440d8392855c1c859402b7383f9adff8157327cafd626c7b671cbe51d1eda97015c02a5dba4b1b30b40aa85aca48eafc95e1e56aa0b3c71023cb00b58b01c5626056473a0f66ed904173c392a0cd4d9f2dbe401e4b2f093a5d86931c9e53cf6a0a33ac3774da0804480915106f16e511a7e4378765731f10a059f65724d464ccd6c091e2588a3640278fe21909dd25ee881f83f1dd499fd18823a30320baff3e21a4379a007b1f02176f249504737d0b908e87f4c841f52ab9b564bfa0706009201a9c90756328da6c73a2f0095268027bf00e447c12d8be015b262fd4cb50056123c3e2400a521ac6cc956dc089cfcb960a660693b586507163815c90039adc2aecd6360c5a5c2d5c6653783ae7a03f0860f8017f7005e01975db8f49c58c134d68c90d839365b0b4a85729a5285d978a24decbba8ea73a507ac656ebc21ea11cb8724c67ae1af2b027651c8fe0a6a0156204c4d00c5fcf80588e5d4804be63ffe5aa6efd7c00ee10741e2d40ea08191366e37319ebe57d52ef45002808e6156cd4fa2682b0910d15c696afe35663ea33a4ce7e6595824a657c4f426f14c4e17ee3c5924ac5f0be485df234ab60a568719642700ce494db6254e115ab638963ff010f88571f0651b60bde776f06416def808382b191a2bd81cb6d49f62b1188afa51beb0f47c547416c33f41a83cc3eb5385e28f8b455137d715c17a58b036920e13ff7a321ff6249be6e9187ad4da037ee119f0c40bd2d6488819f2c65417fa7f1288b94545368b36796ef07783bd2327033cff10c053c0e9c7c1279f065dfa5671a771ea50b59b60834b451fa899aa3f30c02520d509ee5a076fefb7e19572e05d5f05780a56c75211f43a3705e472c0d8f3c2789f214f69b2307677d20017c0a71f069c0c58d171508fc95cd85c20d1022ee5c1908076e3cb808517006786809387407b1e07faf7a3b37729b6acef8d9e06f3ec5dd5d4ea36622d9a25185b130e99e312a9d199569b1ad9e9cd7980da2243eda4a45fc10060318dd703f1ffd8473624afb15ca1fdfe0aba68f04fd840e31f822c37aaeb757ad6f7a8170185d3e9f28276632a675d53d3eecba4cc18d25e4b0145df5b7db5e73f93c7130d281b24350edc19cdd9e9dc5c4d9516d919f13d14f5cb4cd7a17a9fc77441d6db2f85d7be623170e935e0b12150b20b4215e469c36b9f5d2678c52920d905e40780f16780f10430340ab805586d9da0d6767144df2200ae3094770b20154ec57f7f833d127f7af3e2b75c2c095af7069fb53142cb108375606a1796e54840e2c1634fc4fed36c930464cacd81275c1f2041c0e1fb013b13b4a362df7bb90a7be3abe7f4ae4c00b74c2bb86b91b0fb52a2378c869a51b68b1ff92760f79da0b66540d71aa075b156eba9703c7a91f14a90de4965b646fd8a5960f155c0e83160e479c04a8bf5a3ffa7e2e4e6f869a06d0530bc0b9c1b84724a0ac9b831002e4c81268680965e88f048fa11e8d0abfa054416c84900eea45897329de0bb3e073efc6bf0a9fde0834f0207f782cf9cc6bab52bb967414b706fdc6499977459bd0b4533169b1a65ce60ab39f1a01bd91bcde95915d63e006e98f5c520331540461a8d18b35f012e3312a1e9a2d06f47a517aae1f71dbe1767f277a9aa5eba6cbdfa40dd626618740d112a5919e49af92a868cfd5cccbb22117874abea92b33a79669dc20a4a59db233bc318a3b5249fa14c27cfe980acebaeba846f5d90f560b58b19e99640e985c219a89d1289d466862c9057104334d9098c3e043a781478e880b06f9e181520c3b2043392ea0016ae077ad7038bd601a98c605d00c126912bfea0d81ea58613d700c9fe187ea934bba5fc64490377621bcc96f0fbe441325ed0019485af2d86e74ae05528029d4bc1cfff029c1b034092d531301d84f10291a54f0692f438cf66a4f97c0e34312a031ffb3662e65a4250cb0909a04336d0713e80a408a8ec15a13db2b32b59b96219e833297f2207e85a071473602b01cb4982ec34bcf1d3e06c09d47d11686c2f70e23e909d36d87c194f122cfa397b12945a0c724bc2fe3440f1ab8da1274e1f16a7e4da67094377ce03994ec0cb81966c007b538093c49e832fd073074f35766a5499eab51616954dedab08c77c9e25896be49c001db3247306e95596b34d4e5a80b14b52cb918162482660f217063f914e1060b1032a41a3820a2b05f0584453948a4e2f8d6a37170278beafaee0840baa077d5fec9a0c5317748520592af22979891f8d78d235304df364d445c92c50588d5c7f66a7a7a757e3e980ac97f7115ba74e803a5780a70640a90e79445f800b3d2701009670dba0dc1b9cba13e85c28548b8e052ee681ec08e002482d029d7e1c7ce89be0937783162c057ad601a994b00d4ac9e3fd8934e024405602041bbef776d10f629a337c7b2ca12a2316ec0e97a6c464294e81dc3cc82b82bc926064943f2ca55e038993881dbde0c97ef0899de0442b94ff2d06e97fc108c4221427195d70c9f54f32920dcee7c0f9ac60fbc8f65592ca39a9fa3319312b210ceb9ffb0ff0e9fd603b09eda4546d14dd52f04131fbea3d8f0172848ab2651128d50e2e15c0c54950a21d289c018ede093ef2238052304ef1883f16711d71fe6bc0b60059c21e4c2d4f168815fbcef284220947a20c50b2139c1f0725db81ec38d0bd0c78fdef025e5ea89601246cc9bc356ac234289ff84d6abd7737782598af20a95abd3922cd7c6d6b1dd288d131933c028e463518d1f8c8004a06c821ed834af9a4527948e00303aca94a6ab6c9b85ea62632621e96df6cecec545eaa8a14b84945230cec1601611cafda65fad1922f2ff53bf959e97fcd3e3a9b2333085de797d45fefb3dddae9975daf9facad1b1773cfc2349fa685c4b921f0d46950db62706e14b053e0c298666b19102f75bb205eeab9d3a0bddf032fbf155622053e731868ed13ecc6a1afc3cb0d007606187f01dee07ed0b25700dd9b808963606f42b064241815380e603b20573a087512e231b82501f8c010f65d0e401ee05a2076c12801db6f00f63c038c9c86b922c07204a3e695a0178bd65ee1436bf7f7846f2fa9362cdf7d4550de6a6f274fd529f70900b4f773b26da9ea0b33d6c6072b011e7e1e183a20022583fccd95ed80b9a4eba3597106c0aef4af9500bc02acc210b863bd00b6ec8a7c4be3c081af89a21219194a8cf5e968760b40b213d4da0bd836a8f74a6072149c1fd495d4413598c0ec81ec5671021100122de24422338892e0d2382c17e0ffbc431c3048b560d3fae5bc76d5f273f7355acff2506bda992c377361a98a6be7cc10ad2167614d9e69910daa725c3695b2b7cc1fb47d94c610feaf91f651129888132f6468f3a82c99d8bc05415718a79497a0501df909f44227ff8c6b66b1027399a34eedc249af93011025edc68c834392b9a35057d4e780b4d1325fc1d5f4a44ca15b51aaa79ddd774d7526cbafcfd2de2ebe76f379ccb9615066a1f8a9e482121dc2f79539032d08b053ca81ac9478f1668f0107bf065006587239e0e5c187be0ace8f008936613c9ec808e0d1ff63e0e8f781d625a054b73008774b40310fe4a6c09363601552676a14c88f03a53c50c8828b796177549c020a39c0cd026e166439a033c3a0dc24b894135ec9bd22e015c1a5ac0c0d9307e72700a705f0b2f09efc32b898d3ae21820c19f4bc2cfb53e650960d4f828c00850e0f5c12e0882ccbb8d7577f6a5f55b25f58d998290008024a251d3288b5bad30527da401de7832c063929f0b1fb014a82da964b1029eb6da7855351b58fd346ff25507a01acf695c0e41190dd05bcf01878e2088044608727b6891ec86901a124d8404a80ec0c901f8795ee0217c6845d56b21be83f24622b3a2d58dbd7ce96e97dbfaa9c1d2c36ed52eb590c67bc70ce46df4ca70c0eded9f4170405cb6b8684338f4335b54ad9fd313757c933ae6b2b75b9a5f2959132e4c93c0e4d729591698ba576a8f2b344676a2109d6d537328f6c84fc51631b4d5419c04a8b60ce087207cb0a3c09435df386105f264f6205c3f0f8c945a13e480b19ec1bf53e77b784f548e55ea8a58f6a49e33fa9eaa9ab738bf56c771b23959d9106eb73eb3517b0936803e7c760b52f11ac55f7f940d772611f45c64451e1a5bc02e064002b0d14cf80f7ff33e8f403e023df116e139cb45f16030c0b48b403638780fd5f03aca460b33a568a8a592443e800fe89178820ce1a84b0747cea0ab703962de21e3efd2b704e3acf94b1fe589d3624126e1a5aba01db05767f457aa94feaf9af279adee9c4bb6920cb12a17ad830b857404d9e56e4927015419623ef53f50f3d0c7d8ff84c107ebccced2524d001bb428dbaf90f80252f030a53e0a9012037082cbc440020a32c7d58935503597a7bb7e08dec06c305f7ff143cbc4b9e1e84706bc3167ccc67491653c490a4743bb8300aa43b859d5ea904b42e137ecf1202a0ad58be98dffaaa8b3dd4256767fb36fba54e677e37b796c1376d3d127853ce9a542c6fa6cb671398c6301ea996675d4da89058047b6636620c02becacd6710d4000898ad1bd48e62a982feb20c0689fdac459946397a11020259075aa01211f45a6594e1bfb3c8a8b0aaa90af4ac9218b9fb1587fff2820fac4ce087f087b3237303e055ee84c6cf91da52d79c67c54e347399796f577346aa64fbd60bbc45bd5d8c6407bcfc04b894033a3b4157bd0d401280e57b5e87045c6e16b06dc130590ee095c0a77e0d4a77c9b1edca9d85345857853919a0300cf014907b019838265ee421f0271c7bb23879a87083de11093712946a03e7c6c586843c118750f9d35228c1f304cb936a07f67c53822e073e6dae3387bf18440b594eb96d140071e211c61f497f5d25909590ed8bde1efb4e4a0d3068f481f0a3650b55626e10bcff87c0922b0027295c3f14f380d325582b0df5859d286b67382c9e47cb3270764878db4f2f052ddb062cde0a2ae564bd59dbc52af60aa59ce8ef643bb894152c9565838be3a0741b28d902ce0e8b6a5a0ebc851760dd9a0aeac1690deb06ac3c7362f13acb0b7884ccbd1acd40e66063eaad522c195467e6823f26c3f64a65acfcb0c80b1a73e9459a10305892f4977091602025956518a8982d08e331e36b601769a0405557523b6dbd80710014f90d42003ff97530da60d6d7a88f62f6d8f8717a7e3b1a23d58b9e13ab5865e1c03fb32f353cbfe9ef2acba516c3f7d69614b66f5ac276a60d28e56075f4c17bfac7e0fbfe1e48b70a6fdda94e50b203946a9306d18e188f9bdf0924db84268c1c803d902dd92b7fb0fb8047cd828913021c1426a0e782b9ff209261f148f82cd573c503d9362899125ece4b39a9b6cc839c54604f24a32483162c078edd052e8e8bc0d601a9ed819095307c6c05a82ffff473d9ae4d384425b2049ba57c6285411543064af6bdcf337b2022584e4ab26642a5c9038f025606e8ba503c87440be0e5a04f68aa9a7910ec95e702c509e0bcdb80f35f0de222c84e82ec0c78c165c0e451806ce8538f72c1212b21ea5c9a12aa4c10502a82121df0b2c34275986815c6f2c549002e3a16f5e18f6e5fe72593e13e56fd535b77974b03e6c21c7cf9fe66c93c7837cc15a93256abf524b374345a2977fd923176b6ac7f61836d128b991f275aa1109fe12a63934c14a33232d82b3f9abd5125d69bd3503e30caf3435d0066f444f93f659c6f661e0acd639e00d71ad350e7d5b656c4f570fd03bdf63ba6bf8a4595d1942949817fce3d89e8b46a208b99f1e93f7995fbde376ff728d5061426406d4bc09383c2703a3f02e4858d135c4fb824b01362e826d20280c11506e5a529909d813e192b6700b31194ddb281f143406601f46007a48352319f1583c5d2464ac56f0059a04446b864703de18681092c43d488536c1204791e90ee06268e0383cf0a46461952d54139929d1086e7baae613045c19d8ffe49ba9a28093f576425c5aa60da7a29637652617e44e52c2705d809b05b1086e980683bbb82f55bf63201aa6c07c89d167667b261a2b73ca038269ecf05bf05745d02e44645389ce20438dd0d1cbf0f3c761c2c4ffef961c25838152d4c086ffe4e0b501c076516c0cb8f08162bd921005f29a717c4bebee5fcd6575dec398eefb4d597599a712fbec7cf82d4d2e96771c53dc7c64435964b7a9311a20083a9a6f3992b1db0c17f3c86e139497649bb215520c9b0cb0a7043acd72fa840aabeee50a6d115317e63ff77967555b7922ccf57fff9604b7d573b5ce588d4d8fb1a9919e5c9166b53aff29f6b1033afe8ebf5e7d43c892a2378ad09b36436275e1d65cda8bf636eae185687086d2d29dcb47dadd7d2be00ec16840a2ed90201305ac1f04070013727d4826e01c80d831ff907503e074a768ad37300d8cb01c956305c993feb3f00c2fe6af298604f3a2e90c6f406c90568f68a2c929b0e0691052bdd2e0cd6132961f4ae59641276418e381928dd96835abb80fe9f0b5708e6e6a6cc403da66fec247c370f3162faa8020c828bc01681650822e6a20cbaac402004c3643bc26e8d599ca4b413e284623127d5846a3d921ef50b674430e6be97834efc1298ec971d06615f569a12aac925d700abdf01b4ad04260e0247be2782745b69f0f02e60e0d7202be53783180c1794480b95af5b04a53ac0f93150ba5bf43bbbb05a7ac0c531a11ecc8d0bb715cbb761c9facd2895ca55a8b32af36de7341b6b50d377af73bcd3cdea9d2b60ab4a97cbd5807df247010d1fcdc088246812597a77c8601db646abecc84fe8d7c1f8646026fdc10047e4431fa3313ecc2300a6dda85eb203065aea2d41fa1fffe021c9f5385411dd269537fbe01346d7a8f2eb90f8e4cd196d8dc8b53c8fe94de28a75a929cb06f5d11c98e40fee5320cba880f1f1b2f58bf9bcd52b198956707608d4ba04f0f240aa554e014bbcc84939e074807437d89b02d90e289101c060370f40821370686ec842c9010e7d0f280e025d2bc15c14c6ec04e84d89e960541ab47b53a382952915a1d60f225135cd32d909c112a5ba81b1c3c044bf648f44debea3b94a0340860bf24a103105e3d29a0b50380b195a473931f55880530648baa8805b927d0ad12e82ec3f176449e7a6a17aa15400b267809655e0fc207878b77079e1e6400b378396dd00ac7e3bb0603378eca860b74edc234e56c216e5962664b93288b3fe9f255c6b142760b52c0017a78493d1c214b89487d5b2085e7e4c9ec86491b7e380c606f0a62b2ccf7122023cd7216553a3c973a56af6cd9eab7363f7fa9b23b3ddeeb3b4d65b30408686376a719506b5be27773395dcad92c17c4181117327293e044a08e11f1fbd1014fb6f821a5f143402d44942f19111955a5d12404ad6c35828b54fac304763e04395de64e13854ff998f953a72a861b73f8d5c9b9a4763f269c28c9c56960d98a9a4982c0a5c030066462ae9e0f24b56312c0b946c83377e0a945a241c7726d262bc5bc6782712008412f07263c235803c3dc8c529f112863faf83e55ac286e8c0b781b143a0f6d5820931dbca00bb5245986a0167a54f2ec70197a6f47c8566b22da054100c0c3c50a61578e161b09d92f328bcbb8a1306d94961a8ae1c94564a1b9782a4bb158b7ce3718200935e4138725db60e68e984387d9897e17ee4264c79700f95072a09a6cecb01b9333e48b292c0a297000b2e16c078ec1028d10270113cd10fa6849187a14a54ad6016eadec22428d106764b203b05e612d8cbc16a5b2458c35241a808f363105edd5bf127efdcecbef6955bea3c3d18d165552f3456aa663f8f8108c77cae9ab8eedce7a9cc46136a1d3f0d6319c54d96024f265fa5d561323e19b3016c0c364bd85cc95383c4c217964a2f37a6e5510165f1268a9109441ad39b7c4ccb58d1e86ab9f6cbf31938ff7682723b1a1cea6277ae5e52eabac1b899c02c507e089045d4af6932abd6f5cde1c0e6b734aeff95ba30a0d522e1f0f68f7e7bb3b776e34666b7084a2480c21890ea14a7ff98c0b0e0d3ce80701f2054799c1f05396958898c7002eae6414eabb0a30a4f0e9000064e0a7ce4fbc0e47e50c70aed1454cd5e726c586d1de0dca4f0969e6e05e7b3f27e7f580a0c47c27d0343003d2e019303822d83d8b0f94ef3e244802b786ee0445fbc887e8b9e1f729dd086ed901ed20598e1525e804122803dcdd3c74f35b5b06484ed1324db45244efb2dda0c22073cbc073c791a4c49a0752930f424accc22909304795380f46126bcddfb86f5b01db9a611986cc0124e4fb930056a592c5496c54958992ec118960a002570cdb597f31ffedecbeb0057e7dadc9c9b42319fab26ae3b7743e6d2d25d2d9fb9049e1bc6328a9b2c7db70638468604192f4bf55180c7810659a6bd148cc0ca0cfd9b52faa953d9015709c647ad1c94cc5a39bf44eaff923953e0cf8f1316d8c9ca06f9b5969089c90764012a4afd8e4039ea67f10261fd5b85be9d7f5236119ac581d5b5a7ab51e6e7cbe2c1fda3653dc41e63f1c2367ef75baff55072012b037673e04216d4b248a8a13c88587c7a72da0089502a6459f072a3603b259c8b96b280258304074edf99f3d9029c76e0e85d201481643bc0823922e5e76a721ccc2e28991273c02d4806c62756d5260916095599638b5885e75f2fecc6802a8f4a822109ae98dd10d299ce7316ed65c56491b1472212aacce37b80d153e214a193866527246b15519eea3ec7d62611945e0011bf1040292f401bd9c2246be13ad0c99f82869f05d6fc0e70fe9b40edeb61f55c09c0f3574792beaf9c8cb0bb72d2825d7385d3566a5b021426047b65a700a7059c9f029891ee5c803fff835bdc725566b57e7951e6a6541be7557e6fd6d25d5562e6cb5992c63386f58976f31b9c9712dae8f5453140be6d94b14269f0456cc03096508b830bb932b90838fb0c934821d6888d52cc1a2a10e49f19540ba962c148df190992029c9c5fbacfdc41034f5dae8f366b7b36353fc0993ce9068d92464da8b2df2ba5a106557f8ebd2cea6853d8f0ddb22d30335e76d90a5e78e5f5004f01991e706e185c1887b5e07cc17a0000489c1a84eb8327b28411757e4cd8183919e1b454aa0af57d2ad6bb9aa69625e6d2d11f0bafe4cc2027016a6b87979bd07eee289901e7a6846d1294fd950446644c9a5251b063c5296187a542cfe82521ba93c84ef9e0cad8def9f50e77b4f1a77d5d197f861778d3939fae83658b3fb285d17a312fd68c444adaaf51b0aeca67cbe861b0d322fa31d1e5b3506dcb814c9700411dab41033bc0434f021d6bc1bbff2f70fa2120bd083c754cb8ac800515cc1989b460da12290863faac006ae985e230835704886025da44558a5938e956d8edcb716a6024b23fcf55999f5baa5aa5daa6a2f27ad7d0be89c92c7aface62bd6a901931860da86cd04d83a67954a47a79d1f033a56189a18ad38b15a914065f64d847055fb5c6cda18670803553621acbb3c647cadb3ae0afdd8122344117f6dfae982f181ee0555539c0dce99e20039771f09658a9f9bd3f13a011f5d2992d296f60f8b995a7a18a5fa3a4912d9a95de31da544b7961904544386f6907af7cd79b189bae0426cec06a5d041e3f051473b016ac142084084c9630264fa4fc0209e2059d1f0325d2425557cc0a4799ecc20420c4fee608760a3c7e0c187c0c56f76a20998237360a92419391ca0876c6539a28356ec5ce890952550901d84a79906d01a985a09625d28d01f93b2db38798414e12e0a238cd57d69951609d1018633a9ea1f1677aa487da90a9ff0144960473ec2f22126801221c0e39291fbcb1ac5b6e08d47e01903b053ef3940054761a7cec5ee0e87f020b2f04469e018efc08b4f27670f72540e75af0c82ef0c46160f27990930141f8da22b205b8b49202741573c26bbb9382373524bce23381ec343891047b799065a373e122fcc3276e732f59b7a48691562ef315a8e8f7ce6c4ab5fd62538aac7ff3d8d0ed664c66d3b156a9ff96b3383a1bd089462c4279841bec030892a5b0025641364a8f708349120b85ca117e9054098a3436f131585963c8c83ea8dcd3292493a41650e8943a80b3d92e9870ca2f532db60175a5be8de5da6c0043b3d9c6bf0d1b020d9b158d9b5e01f6aec69636834b6a649eb5e7d598271b2c2f3ecf30c86266fc7f2bb36ea7d702860bb608d4d2096ff42860a560b52e85f227c5d2fbb860a32ca93e24801c706e4c002c5b066bb6539aed62b2b4f1b7ae9f9306061e0652008a2ec812c0836c1b4824c0f99c60cd7c3a585558faf564dfa4c82d80e10a70b7fad592e5890049ec0970e5bac256ccb42f0bf46414d832982a2bfcbbc96e51a0ce4410ce43d98376af601605805d114b115e499cd04ca605d84aa4c0d953a0c1c781171e296fd7d053a0e7be0c9cf805b0fe77c1bd5701c3cf0223cf8975343f045af16ae8d399f0c4e9cf440bd892fd916a8357cc89430596a5431851aa0d28bac0f82428d18edea52bb858cc62f1e28515066cfc4fcd98af350b977da84f2a563e9c67f532aaa6881a96f5c8349a59b5b8b23cb9c26fd5f3aa740bc77c6e9e9cd5d13963913a02180e08c947469a03943eae349051bb568538081a7eb1dc65e92bc632482a37e87e2b43c114fcec9ba707e10c2900a413b2ef50515f37478b01254dc75680df9e30e803743aff6ed206faf375e7578f041fc7fc1eecf5cbec434513641111369cb780df75eb26cf5a7801786244047f4e64e08d1d0792adb05a9788319a1f97e15312c2d127fbf646b02c61f86ea7a01819edba044aedaf108527582e0278cff781b6a5023cb0076a690372533e1651aa32793b5b720725bd4888eb04148b809703273a81965e69406f001ff640a976b0a798ab5afadd7cd3f91b2d2efb3dc470851908cb91b10129f40399de3004c02de6c1c5bca8af9d11a16df227812d7f0cea5c2bdc36c860cfecb482274f0099c540c71a60f011506e0074feeb80f35e034ab6031347806407e0e641b081b665e289c8c0d45e6e58d85f398ea888c7a0443bb858002dee03deffdf01c7c107dfbeddbbf5ba8d558cdbe7e8dca5b20f01a975535725f38a65d4976286322b4b0a55f8ad7a5e956ea198cfcd9286bd63cfd2cb5a047b569b5dc9d680fc8be61e50905b127068bc638015839d17604af25e06a20aa8e360b45b3366ea5fdfff140753c2ac80868044d0ee24d80783e2ab62e05803367f742875231b8d22b5aac2841522644e79f0e7aa32e387dbd8d1d1d0411bb3499cce5ef13701b0d6220fee1f0d00adf7debad15db1fa02b63a7ae04d9d81955928d8aafc0850c8c13aff0ad04d1f142fea5417906cf11d636a17050ebcfcb850275a3628d92ae685de2bc9799d6a97f64f1e78e210903b09243b41c934d8f3c0a5a25c2c587a7c07d446469d28d6feb60445240cb42df9bd65913c15a88484af98f3ae072dba0c90bebba62f6a1e47ee96c22945ffb00bed59defcdd03d893ed518b2420025d97b26002bcd1fdc0e9074097bc0bd6b59f0475f6495c6909c0dbb91a34790438f3143837048ced03b22f80bb2f03f7dd0cb4ad02f59c0fbce24f80e214383b08ce8d01a52c40d2364cc160cb112c1f11502c819e7b12ed0b7a70d9baae7376ea34765377ce76d3ec4ab56eacb19b6b49d6b0a77f96f61796c216800f644c3ba3e01ed0f0c1ac914d0005f98e09a1ecb804a3a53828531d67ee4183ccbf61eb5596d250051a6c16b3c17299eb2b05eb1e348797b952783196ec9da95250fd11705951cb73e35a12551123833ad688b8a40d1db4319bc4e9ec15abddf39bb63c0a90c5e8eec8e065575dc2b092a09605e0fcb8f085549810dec97343c2e03cd505af38014a2f91aab2508f59c203397b0520d92662e1b925c9c82460a5da8062165cca43a0271b7c669730d84e2781ec84b0a70282e09a04dbc3d2db3be95d964a63810b3901ec5a7aa16d980001dc8a93422db9746b28e3fa45cc672b7c25f4599661397e5d222c7695b983f67e1f762fc116901f073ff335f0535f050f9f005acf937d5f022dbd1ce03cf8d40ee16623dd012fdf0f1a7e12e858027476028593204e02cf3f066fbc5ff8fcb22db004561ac53203994e61d3d6b51c3cd80f3cfa086e7ff94a6fd505cb6630359a35abe6e26cad65e59b8bf5563247ea56ad1b6b7cc1cc514eb5a16229551b00b9eea870377e781cff47ff14a15e44cd24f07d6a6990625cd78c92ba1ac37ef83befc0c590428082d7a4dacf0766723134bc57075421f28ae99ed027dd42f11603f784bd69852a57268d1a461c915de50937d392e7c874d632e72764133aecc1fd632002de75f33aafbd7ba130484fb78bd3652d0b04cd327c1a7cd71784ffa4966eb03b0eabf53c69506e8194cf2cc9287131072e8c815a168a536b890ce0a404c3054fd86a118413cdf163a0f65670361b6caa66b7fd1d8852d18b29c73ecb6511502a0154049249612c4f362cdb01a68681ae9540eb62e12e21214f3a06363764fc21f8177e0481503a5cfea7f20340960c8d13b0f78a6056d960e5c49d1a54c27280741778ec10f8992f804f3d0a746f01da560393c3e0171e07a6fa81e218d8cd02a512d82d01e8068e3d0d1446c0a347c0fbef116d27cb5876940779168e475d0fd4d60b9e3c03241da4575e81976f5b3b43a7a21566d58cc6f39c9fad3132937a377bc50cbe879a22cdc8b69179ceb63668869a2acb3482a280f33f323faaff9413ef6a51f533811f6036ba063e7314c0603195a5c8eb018ecbac28995e97297c9bfee443c150a4450244bc35033c72105469ed61a85ecd5d52a2729ffd12cf35899f3fd398c94deab007f78fe2c20b16f15fffe9eb5d279d160195d3edc226c7498878832d1de0ec8870a0e9e5804c3ba87d9954b9092684945716b2c1d951702a0d7add2700270dce8ffa20c66810710ec88f00b00347623453658229b9433152897d96e782931920d10e8c1f15a7f22c0b9c5e005cf2bbc0da3702f93c707a3750cc42c6db317091b9590ba12b0dc0e0d7dfb2fcdfcab866090675cc40961b2ab58131da2fdb4596fc231952cc5f84fcbad949c1c27945a1064c6444e8a2c5db401d6b056be801288c039d6b81cee5a0896700b728d62b2b210e221084cf32b275ff012440705ac4a2845b44a66331bef9f16da5575cbbb5796ff5df8405a0a1329b1dd6a4b29a91ad91e78c07eb8ceb576706f5248f481b383ac3652021c00721b81b94dfe5e2e603a6ea668926a88aab3f91a9865370c8bf41ef37597d93fe780cff5ca2fa2c0113540e65f5d3a71603949a6cbb5ccb7db75972f71bda411350776c425dccb926acff33cb85d65f66fc239b5b6f9707f78fe2d5d76ef03efba9df7337aced632ee480641bd84e8bf9916a07b30b767302348c1d0175ad80d52ed5853200b49e2bad0b415323e05f7f0b708ba0d40290e520104cd9b20072c0a7f6002d0b0176f5e944b535013818d333b0a9919b97542ba86b31b0fb9ba0ce76d0c52f034f0c02ab6e05730a3c7458c42f2c8efa402dc05a85811f8cb2ccf94e82e5317fd75fcc9d9c07d80e845f2e16ac91656b7b34ed17cc585bb42b2d8f1038ad6385ea66d9c229ecc83e8032e0dc00bca9e3221c91970775ae03d6ff1ea8f08260ae3c116b91b924edad6c80855f2c220b0c0fd4ba10708473594c8dc1ee3a0fffdf875feebe64f3da39b27ac454c3b85c4784af3a4a89ca748e74494d329feada18995bab6af3c507587a312907590a5b98ea802027c4fa92063efa578550142364f8973299a0d0c694d9ff51f9ad0979c2d2c08965beac558461c8ece7652ec97ac92d7f37e82fda67a126b47cb62be88c3e4c6bd53879ca5e00e780049883e94b7d3d1242bcf341ea7ce43fdf3d84df7af945de9bdff00a8f8b05203726c2e8a45a85d76f3b01580e3caf00cf2d0183cf03e92540a20594691736504e1294ee0498e14d0d03674e88587a6e167032b092ed82dd29e4613969805d6070279048029402b925e146c1f3240e22dfff9ced88136f8904904e835ada40e916588bfb4087ee04460f81cf9c024e1e04653a80fe0741c9344096a87b710a803dedeed438ccb2435399824383451aed6b4b1d79d41b2d632564006c19388f119af821f44082c5f28ae0ec31f0c401c02b0090a700175e024a8d01fbff4d84d9b11d7f93e89540898cd85c5a16d82b81d20b40a94e70761cc41e16af5c8d4fffc96fb96f78cd75338e37d838899977e606b40153b33c8b38d0dd08998df5789ead5715a42aa9322bb5a85f9a5d2fdf4d837c3f891d1c1b2f49058842c1548d88c73edc321c9406c60efb6a3679720980b62337118f8e83a82ee8320cbb2816ac96524940d7d9b82bd0060321192e25ca719502837e6502a725651211ff3ae4bab44c275ac7e431c06df0dadc94d9aadadc5b7e1abc8c84f70155c4b12dfcf8f193b8eab20bf8b5afbfc963d7034f9c11ae035a3b612de8932e1144c65e61049c3d05b4f580d883d5b608d4d2238246bb796863705b02a9c2b83070b753a05b3e08eeb940b0615c028ede0df4ad05dada41ed6da0b60e209501322d407b87f8379302920e60db80eb81f359710aeff4517883fb858dd1d8197883c781441a18d90bf084006f3601f9d1a07fad3a31b3e6303d16a725cd8ba60d95e5405352d2c68954981bb03e751cdc7891d65a9651d71ad9c93fe584d52d82ac0ca86da5005d4e02280d01cf7c0bdee41901484152d56a01a53cc8c9880da5e7825a1682da7ae00d1f05a5db804c07de75fbcbdd77de5ac925c35c5c38e6629daa49b58137c7db34cbd50bef5f2afd3e7b52bd139a522fa358e9a6c10cc9ac8a0d201d03e0c87404040dc8cddbd44a140437d1fc58f08ab6712005dd82658b985dea2e15be475c0f62aa103da67e8830fa629d97913e54319600ca3c3419381169746add0fad991bb12648f3ab767616af994fc7e9f74c2d775a9685a44318e30cfff57f7f83bbf1920dccb081dc2478e8b8886a77f13650e742018c12edc2450203e83c0fc88ec29b1c10f105d31da04c27e024a46a902142c514043b756c37686a1494ea00ec0c786837f0dcf7808ef3c0451728e400b7246ca726c6815c16989c0267b3e05c4e067bf6002f0fb47603998562725b043809707e02e85a0dea5c02624f2c19c529048cbc55df10a0edbcd4da13f8636343e5f986f512b7046cfc01615cef9502bbbb32bb4d4d54196b1c997f066053200bae70af905e00900b5af10a60f31f03bd97832801abad0f3cda0f6ffc840098a23610c6eca2ddec95404e8b60125b1680878f8392eda0f65e20bd00afbb7a85de674e7f24cdb6cc629d6663e988da10d774cf2cca591c060d2b7ac67d36fb9d101e1a96feaeb66c21fce17f0d32557a0552fe764c3ca6c9a22048d3eb261b6b9272701a56b721aa7bd828dfbccc06a62b07503e3516a4f24d1feffa6a99b180da9d465c324018d3dc5cda9a224d5a2c02007716ca0bcb7c787e994c065353593cdd9fc59f7fe87637956901db0981248eed015f7e25e8ead7c2eaea13310399e10d3d0f1e3d0524da40c916097026c1852c0006a7db817427d849022d9dc25bfbd33f059f3926bc98db0ea86d3178701fb0f73ba0f63ec065c0f5556c6c098ff0b02d69642ec1835b027205d0aa9b44594a2dc72ed0da0b1e1b03b5b5032916dedec957c7a90543fba152bea818a13ff53ba03751f29ae9774fdbcd5b6484e2092d5cc6bf220b75688683f9688acb1240b230054a7682d6bd0e74d1ef8056bf1138ef6660701f68f851d0ca9780270781ec49e1e8150254a918afcc9660ddd8032dba00e85d011e3f2dc0eee2d5e0641b3ef39ecbdc0bce5b12b9049e6bc2fa3f754a3dfd32dd7585a6716b0df50ae779f638b2d92db9297b85b3d479e12afbc76dccdd19fbd77c5414042281dd9b4ca44dc8f54227931aded07d83751f1069b015ced24ca77f096ee0c415039069eb54dd90b2a6b30a4cabeb043f17d349a1a1060d342d58782089f9b35f60f8c23c97262deeb1d94eb3bcb9d6ed8daa4f3a9d42369b47b2b3877ffbadaff2c004b66c70fb02e0db5f051ebc0bf00aa04c3ba87501a8bd078c82508db90c2ee48164ab005bccc0d408303e04b25320a745cc81ae5ea0a5134cb6f06155c8825aba8189a3c091ff0416f4017915bf4fcd6b0258a9f848bad272c05383c24b79a64bc4f8231246df670e018914bc8909808b20db327013e9c9a94eef913aa14cf20faaa8e03530836cdbdf2ca9d8aa0469dc6edc5711cc8b75c45f578488b22ce1e5ddcd019404ad7d3de8c277004e0f30721258b009d8f73dd0e0cf800bae001f791440110c1b025cc9d550ad374e4218b3170ae00b560137bc16181a009d7f09ac9676fcafdfb9c87dd71b5f519bdd55cd036d2ecc90e83a981bf5a6c90cf28fbb75263d1acef3ec61e8d92db971a599b477c332ad5a5425112a421f3fe80d21e40fe6c6cec7151cf81648a0991cf617497d87a1ead368847c2c1653e9a0f7780a5cd36614f2270e1ba0ea1daa4a68f8ebd1a0d0b733f3d30b80a6621b9202a166c514834565cb74b80175c85c58f4ca65b66bd588f26aed760efea742a29949a3e6bc6559482613e87f6194aebdf672f7e5375cc528baa0964ea09803e7a70078e0d11700d71506f0a976b09703162c01b52d14ac8be580d21dc08a0b81d7ff37505b07bcb193e0420e5cca0b556222054ab50a3f4c6401e96ed0683f287d1cf4815b8042095c2a0ab6c7028c28ec50511e289901a5d3d02a3e00b013e0b1a3c09967404b2f04e78b805b80956e95cc0e1b00c8d87d853b545f967395025b3dff7786045e09115f90fcf91fc8b9ece4221b041909d56b290f142705e3d6b61cd6a6df01d28bc1678e00536744df8eee05713f68c3ebc04fffa75ca81c28ff7eaa7c900d4a7781526d22e6606b17f0d883e03d4f80def06ea45adaf1b7efbfdafddd37de50bb517be4408b1ac07381069b0b755032f349deb0d670a3d6dc46e43237df49e5328b63a9c6a21c400114b9d42890a4161483490a7ef2d3faf7901fa243533e8a6392d7d425059428e4d6c1bf05ba6eda2ade047ae4ff0e88c59bc505320767602b648242b39646eb58325f815887b2778ca6992e2dccf274fd4c445a97346290a88a364e82b9353effcae53557c8f84f6ccb9a5ca1a8722bf5b26d5be86c4bf3befe313a7fcd6a8f7ebdcb8665012517600f6ca7804411c88e809d84701a4a09f0d80028d12ed8ace214786a1ce85d062c5802b42c84d59b10a15a8a05791aae00907fb28f3d008e0d1cd8096b4f2f70e3d5c0d3fb80d1511946c71241a195cf2ccf033a7b81bd77021343202b217322c069019e7f40d8800dec16a7130b59209901dc9230b8d7d4b6b9aec8fbd9f4d527c09c3e5d6c59bea362bd4b94c105d995eb04f91b2419743038658ddef75cc156a51702ed2b804c2fd0ba04dcb20898382d6cca9c847013d1d20d4a0c03e7df0cefc96f83a90458493f4f8fc549c7749bf09f559804e70bb0da7a807c165c2c82565c88b60ce1ff77f37af7f657568b33588bd433809b3fbfa72bf1359b599d0daeb2f9524b55c39bf96967d58836d5b332d59beadc16078034a3925de1e320f141793d36808ee838d6de9c49dda0c82c0da274e6ba409f69673f2f559e81cbfcd37b0a00858cec75655526beb340368ce061de135aa3436713f57f4c4ca7ca21bd33f7d93466b5a8b35adf7d70388ba0bf7c20377b5857ca7f7e4fabb355f3a872abd5a5ad35858cede2ced226dbeedb85d2e1dd0238910dca4e00ad9de05241bcd0f353229c8e9d04b8004a7782731eb07c3968f038f0cdbf025a3ae04d9d01a532404b874053852c50cc83bda218e09e27bca5978af0fee51f40175d03dafc3ae0d4510025209b078f4e004517644940e3168185cbc12fec015249f8935c3814e57dff29548676526cd0f29320270d2bd50aaf9013f530696aa383c4943517100850971080c95f8658c4f193c19801c8a0effa1b8274b8bc4624623c3a19d0ca9bc09d6b00d7034a534031079c392241654af8b42280face03ced8f01eff0a800260a5741dc972804c8b60d28a79707e087052b0da1683a746411d8b40175e041427f0cab692f7d69bb69f05770c7377fec6d76c1a753696aa596d71030b2bcfaaf6f577fa2b756d778566d28ce1ef7c14074000146970a116ac32064b7c539654021c29a0a23ef91d22d6309fe22198984be4619a3a1945e80f2a77991a659dadca50ed90f09fc02117353e4082dcdd0a264ad595752b820d579904283498365e711ee94dbcd5ac21d2b87c1b51cbf93911e6abac5adec56f3db3cfbd9387ad932d1de44d4d005e41a8f74a05506b17786204b012607842bd050f284e813c0b78e59bc1cfec001ef9a998332d1de0b141506e42b02b890c90ee00d916c873c5e940b708945c706b07f8c00e582e036baf07064f815a92a025e701933901b4462680a94970fb6ac0fe05cac618911f1e47b34d9660afd881956a01bb05e18a22106310c13c02f31c82c592004e5c6290edc02b6483bb37b000a4e63143f52b5b407112d4b614b8f01de06211183e0e260fda77962d18396206252dd0e2b5c0c0f3f09efc8acc2f299609272dc212c10697f2f00a53001894ea0051025c98022ddf0078046a71c1bffd2abc2dff74d3c1d5fc7d753540cec986d7dea8d96cfeccca9abf0fcafeedf7ffd9c7038c8dc138f9bc91bf1324fd4d0115097f2476219d2a0c462073236393487ec1e4ff69ec05b9cb243393685c1cf845df22174dfd6b90f9f2dbe24b8060336f55d7d44755865cdcc968572c1b31e757b399ec87e6b8ccf386c455df711cac5cbe883b5b53787877bf458e0d2e14858aae5804655ac5cbdff30c12488003f68ac081dda091112099028f9f86d5de2b581e564c554ed81a95f262825bc2789c6e7a9308e972e634307e0a567e04d8b0053c9e075e3803eaea002d5a003a6f29e87f6c03f68d027b1ff1e7b239c943a243f03083dda208449d10beba883d79d2d0376c574d0a44b9711cb919131845a82d1da0540019677b44da84f82c6337324bf05498002dda08ac7f333039049e7c4118c94b5b2afdc7006552a0c56bc043c781a7bf2aee4f6440a98cb061b36c70a1002e6685bad17684c357b28543d685e701536340b18897bdfca5fcfeb611ef55db3631517307adb9d2ffa648735b1b93bb4160cc5e5d1a2bb3c18dcdba34a2aa661ea1fc1cfd5dabc7c8c73c9a360a82aeb21c033b42712385d3eb75354453456031f5459b43452652098dcf0cc3a79762ced44d264434a12397e716eef45099cab683017d528989f5bbc38771468c33a380193dd3591ebb676b9a34bc99659935796655495daf542be5aa2b2ff58a2dcbf0d57ffda63d69dbe0e121b09d044f4dc26a5f001e1d002bbb2366c166d949110b2f370e5ab05404279e1802b5f782478e8b922c5bee9c1870f3e06216ec79a0934740b929b02d5c1e78279e058d0c80ae780b9048c33b7c04800d5ad001fa694630600b16035e49b0516e11f0e429443d61fc96a943250084e1bee508b713aebc5fe8db344355e65dc5932c1303604f3048ae04500adc29765ad95eb1729805a030093a6f3bb0e265e0a123d251681281e86252a568b5a781f63ef0a95dc09eef02176d87b5fd35e07ffbac50a91626a442406ec2922da0649b0c14dd26ea34781cd4b50417ad59cc7ff7ce2da5ee8e16cc9ecc93976183a421ad8d9dcc31b91befc486d7a552751a28b5e75f25e55cc05f26813253a198cf00e8874f8e14ca081a16c043601305944cf59f020f664d21166eb978f99ecec3dcbdca4d7dd4282ab2d27a0d0cd4d1b49ef2ab2070a05f4f625f5d19843aa45b84c0d588eb9aa562f356f12154ef70131a2173612c6a995795694c651bdfe4e676e2fd8fecb5fee91bff69175c0b18392dec11130950c2018f9d016c02b1270096e7815a3a80dc24904c82126978a303a0f60562c68c0df8819365dd45ed3d618764d9a0540b605be0ec380002255ac197bc5178203fba0f944903630c7400d8fd2de1eac149085ce51641a582f049c5a23e602f88964ca68b1948a640765280ac80117ca88fc916e514b20258265b8421bab9d162161ba4548b30b05781a60b13a05537004bae04060f8bf580fc3a1058d8b52513a0f60ea07d2970ec31f0d15f085bb24c1bd0bd147ce819d1476483d9052c0756a60b48b5411bdce7a6c412d8be009d6dedb8e37fdc58ba7cf345b14bc99c9a820d90b9d89ef83a45fc323bcbd08ca5ac1a810b3e2550e18e7343669ba0f8d1932305b35c65e7c96c5e0dd630084c14dd144a45e687e08f616084b8efea52282c8db0ad8ae65b15bb24da42be7946002085eb1fe2221463a7983c05ce0cb015c685113d32b7a48681d5684ee745393bf2d013fbad7ffcb71fdbb9a20d1e7c01442ea8ad1d5ccc81a7260409c39e18e2c9a400369251a2d66ef0d86950f712f0c420389f95208b0dbf522cc2e42883f4444a8014e91e8218e00bae075db80d981a074f78c0f3f702271e17418b6d0b48a484c34d3b01b007764ba20eda8b277cb0a5001820d833b280641a64d9e0620e28954240504a320dcec9fa91251cab86ecb8c86320d922ea50ca01f971d0ca9703cbae06060e42305e862b78db02d916d09a0275f682c9019efb2170ec49c0498bf5d363e1843599f199b4d605c2733e00940aa2cecc40320d643ad09d49e18b7ffe5ba5ab2e5bddb4a563dececd6955bc9e9b1ad43373be83e77c05cf8234b74fca0096024bca509c39c6c85c230e75236920a3e87d3f89bf66b0be413926949c541868e97c75958c3ba313060242330c9f588a513373f05b13e8109066c2029550066626b232be2b637936fb8411aaf06fca000fb633005ed1981ef84de9c9e9080378e2d983f477fff643672297000fbc00581eacae2ef0d8190166e0819c841cbe9e08d152c80a86289901b25340772ff8f4319f0596738259dc0bdb01e72675b9946ef53f6747c04b36004b36804eee069f7c4e8029a5d65320cab281444a002edb119b1baf2443f6b00456c2912ab1075804765d1d5e07a9b44857c80a460c24c096e701a956203701a4db81c214d4895fdd49724749c916f17b6102587303b06c1b70fa08d0d22e12922bea5962904da0d656b0dd091ee9079ebb133c35084ab6ab9643c55d253b09a45b41ed0b457ba7c6c185820096c934000b705258d299e1bfffe4bbdc976e5c328bfbb21767d08bd240398bc3a9bce82656a6ceace9474f8e14cc594dccc1e3cb11fa430efc102a9d7dd52119ff8dc9cc0073e185cfac94fc29845d023744b06161de2ca82834992bb3c621e865d687ccdcc47f9406c3fccee5952c93990c81b3b934562b3bfca46bb9a7e1125b601d353907de3fbbf61da1fff32fdf76269c85e013fd60af04abab13de99d302a0241200bb40d105c81546ed5c1286d92011b4b9a50dfcc211b0a50e1c3300e936c14982f35990256790e7829ca47087d0d6051e1f029f3e0ab477c36aef16ce4bf3520da7186205b618c230df4e08c6c9494ab658b26ba58200566001f0eca4609dc80225920200910a5b93954e5233a24e968c7d4824cb960cb49aefc90cb06015b86f13d0719e88ade858407e1870018ce780920774b481321d2216e3915f01fd0f8b72ada464d425c395c880321de204a69b07b253f0f23950220d6ae9149bc95c0e946ec1c6f397f0df7ceccdeec52b17c5ac16736c2036a33a116b77541973a1271a5a87b9d0a017a5a91264b01431431c88e105f93d68165e8e3cf4af52051770f7108336f40bd9c0335140294ad1180c401dfccd27cee422aac8b280932ee8b608e68a110895e37700343f1681f20276f48c80c956e5d697d77b3a33eeecced326945e0b8a9b, '$2a$12$rYEj7dmlFp7fMMN68BolhetK.ioUIV8BI6hkgRiYI6m5X9ebQye4q', 'farmer');
INSERT INTO `users` (`id`, `name`, `email`, `phone`, `address`, `image`, `password`, `user_type`) VALUES
(7, 'Roshan Dhungana', 'roshan5@example.com', 2147483647, 'sindhupalchok', 0x4453435f3035353520636f70792e6a7067, '$2y$10$b4FGAkEhseEfFKHa.iHP0Oell/y71mR3OtjP.muz2RdsS2PaYYSDe', 'farmer'),
(12, '    Roshan Dhungana', 'roshandhungana@example.com', 2147483647, '     bhaktapur', NULL, '$2y$10$uTpY1ij9wJMA.EW4GyNREefoAdxq6EpdQvgXXxevujYGbv6dXsxAS', 'farmer'),
(13, 'Bishal', 'bishal@gmail.com', 2147483647, 'sindhupalchok', 0x2e2e2f2e2e2f7075626c69632f696d616765732f75736572732f37393237383336305f3133323436373434313533303635335f313531303339313833303232313432323539325f6e2e6a7067, '$2y$10$ej6i5i/qTU7OuY4BnHEoMev1XZZWLBCvQOYKpJdnntb/YpuHBsFWa', 'farmer'),
(14, 'Rahul rai', 'rahul@gmaill.com', 2147483647, 'mahhotari', 0x2e2e2f2e2e2f7075626c69632f696d616765732f75736572732f64657672616a206c6f676f2e706e67, '$2y$10$Uuj8J1rTiTNWDPXNhU8c/uC51EIQWXyMaGAPe64B/YsfbYCRdmIpa', 'farmer'),
(15, 'Roshan Dhungana3', 'roshandhunganaa@gmail.com', 33244324, 'Hari', 0x2e2e2f2e2e2f7075626c69632f696d616765732f75736572732f6b726973686962617a61725f636f6e746578745f6469616772616d202831292e706e67, '$2y$10$j593Vf7r5nQgp0NsBgupsOIRkGZOJJ8OV/yhadUawSk6eov4nB5BO', 'farmer');

-- --------------------------------------------------------

--
-- Table structure for table `vendor_products`
--

CREATE TABLE `vendor_products` (
  `id` int(11) NOT NULL,
  `vendor_id` int(11) DEFAULT NULL,
  `name` varchar(255) DEFAULT NULL,
  `description` text DEFAULT NULL,
  `category` enum('fertilizer','pesticide','fungicide','machinery','seed','other') DEFAULT NULL,
  `quantity_available` int(11) DEFAULT NULL,
  `price` decimal(10,2) DEFAULT NULL,
  `min_order_quantity` int(11) DEFAULT NULL
) ENGINE=InnoDB DEFAULT CHARSET=utf8mb4 COLLATE=utf8mb4_general_ci;

-- --------------------------------------------------------

--
-- Table structure for table `vendor_profiles`
--

CREATE TABLE `vendor_profiles` (
  `user_id` int(11) NOT NULL,
  `vendor_name` varchar(255) DEFAULT NULL,
  `address` text DEFAULT NULL,
  `products_sold` text DEFAULT NULL
) ENGINE=InnoDB DEFAULT CHARSET=utf8mb4 COLLATE=utf8mb4_general_ci;

--
-- Indexes for dumped tables
--

--
-- Indexes for table `buyer_categories`
--
ALTER TABLE `buyer_categories`
  ADD PRIMARY KEY (`buyer_id`,`category`);

--
-- Indexes for table `cart`
--
ALTER TABLE `cart`
  ADD PRIMARY KEY (`cart_id`),
  ADD KEY `user_id` (`user_id`),
  ADD KEY `product_id` (`product_id`);

--
-- Indexes for table `dairy_meat_products`
--
ALTER TABLE `dairy_meat_products`
  ADD PRIMARY KEY (`id`),
  ADD KEY `user_id` (`user_id`);

--
-- Indexes for table `farmer_profiles`
--
ALTER TABLE `farmer_profiles`
  ADD PRIMARY KEY (`user_id`);

--
-- Indexes for table `products`
--
ALTER TABLE `products`
  ADD PRIMARY KEY (`id`);

--
-- Indexes for table `product_details`
--
ALTER TABLE `product_details`
  ADD PRIMARY KEY (`product_id`,`attribute`);

--
-- Indexes for table `product_listings`
--
ALTER TABLE `product_listings`
  ADD PRIMARY KEY (`id`),
  ADD KEY `seller_id` (`seller_id`);

--
-- Indexes for table `product_orders`
--
ALTER TABLE `product_orders`
  ADD PRIMARY KEY (`order_id`),
  ADD KEY `user_id` (`user_id`),
  ADD KEY `product_id` (`product_id`);

--
-- Indexes for table `product_preset`
--
ALTER TABLE `product_preset`
  ADD PRIMARY KEY (`id`);

--
-- Indexes for table `product_sale`
--
ALTER TABLE `product_sale`
  ADD PRIMARY KEY (`id`),
  ADD KEY `fk_seller` (`seller_id`),
  ADD KEY `fk_sold` (`sold_id`);

--
-- Indexes for table `seller_categories`
--
ALTER TABLE `seller_categories`
  ADD PRIMARY KEY (`seller_id`,`category`);

--
-- Indexes for table `users`
--
ALTER TABLE `users`
  ADD PRIMARY KEY (`id`),
  ADD UNIQUE KEY `email` (`email`);

--
-- Indexes for table `vendor_products`
--
ALTER TABLE `vendor_products`
  ADD PRIMARY KEY (`id`),
  ADD KEY `vendor_id` (`vendor_id`);

--
-- Indexes for table `vendor_profiles`
--
ALTER TABLE `vendor_profiles`
  ADD PRIMARY KEY (`user_id`);

--
-- AUTO_INCREMENT for dumped tables
--

--
-- AUTO_INCREMENT for table `cart`
--
ALTER TABLE `cart`
  MODIFY `cart_id` int(11) NOT NULL AUTO_INCREMENT;

--
-- AUTO_INCREMENT for table `dairy_meat_products`
--
ALTER TABLE `dairy_meat_products`
  MODIFY `id` int(11) NOT NULL AUTO_INCREMENT;

--
-- AUTO_INCREMENT for table `products`
--
ALTER TABLE `products`
  MODIFY `id` int(11) NOT NULL AUTO_INCREMENT, AUTO_INCREMENT=17;

--
-- AUTO_INCREMENT for table `product_listings`
--
ALTER TABLE `product_listings`
  MODIFY `id` int(11) NOT NULL AUTO_INCREMENT;

--
-- AUTO_INCREMENT for table `product_orders`
--
ALTER TABLE `product_orders`
  MODIFY `order_id` int(11) NOT NULL AUTO_INCREMENT;

--
-- AUTO_INCREMENT for table `product_preset`
--
ALTER TABLE `product_preset`
  MODIFY `id` int(11) NOT NULL AUTO_INCREMENT, AUTO_INCREMENT=13;

--
-- AUTO_INCREMENT for table `product_sale`
--
ALTER TABLE `product_sale`
  MODIFY `id` int(100) NOT NULL AUTO_INCREMENT, AUTO_INCREMENT=64;

--
-- AUTO_INCREMENT for table `users`
--
ALTER TABLE `users`
  MODIFY `id` int(11) NOT NULL AUTO_INCREMENT, AUTO_INCREMENT=16;

--
-- AUTO_INCREMENT for table `vendor_products`
--
ALTER TABLE `vendor_products`
  MODIFY `id` int(11) NOT NULL AUTO_INCREMENT;

--
-- Constraints for dumped tables
--

--
-- Constraints for table `buyer_categories`
--
ALTER TABLE `buyer_categories`
  ADD CONSTRAINT `buyer_categories_ibfk_1` FOREIGN KEY (`buyer_id`) REFERENCES `users` (`id`);

--
-- Constraints for table `cart`
--
ALTER TABLE `cart`
  ADD CONSTRAINT `cart_ibfk_1` FOREIGN KEY (`user_id`) REFERENCES `users` (`id`),
  ADD CONSTRAINT `cart_ibfk_2` FOREIGN KEY (`product_id`) REFERENCES `products` (`id`);

--
-- Constraints for table `dairy_meat_products`
--
ALTER TABLE `dairy_meat_products`
  ADD CONSTRAINT `dairy_meat_products_ibfk_1` FOREIGN KEY (`user_id`) REFERENCES `users` (`id`);

--
-- Constraints for table `farmer_profiles`
--
ALTER TABLE `farmer_profiles`
  ADD CONSTRAINT `farmer_profiles_ibfk_1` FOREIGN KEY (`user_id`) REFERENCES `users` (`id`);

--
-- Constraints for table `product_details`
--
ALTER TABLE `product_details`
  ADD CONSTRAINT `product_details_ibfk_1` FOREIGN KEY (`product_id`) REFERENCES `vendor_products` (`id`);

--
-- Constraints for table `product_listings`
--
ALTER TABLE `product_listings`
  ADD CONSTRAINT `product_listings_ibfk_1` FOREIGN KEY (`seller_id`) REFERENCES `users` (`id`);

--
-- Constraints for table `product_orders`
--
ALTER TABLE `product_orders`
  ADD CONSTRAINT `product_orders_ibfk_1` FOREIGN KEY (`user_id`) REFERENCES `users` (`id`),
  ADD CONSTRAINT `product_orders_ibfk_2` FOREIGN KEY (`product_id`) REFERENCES `products` (`id`);

--
-- Constraints for table `product_sale`
--
ALTER TABLE `product_sale`
  ADD CONSTRAINT `fk_seller` FOREIGN KEY (`seller_id`) REFERENCES `users` (`id`),
  ADD CONSTRAINT `fk_sold` FOREIGN KEY (`sold_id`) REFERENCES `users` (`id`);

--
-- Constraints for table `seller_categories`
--
ALTER TABLE `seller_categories`
  ADD CONSTRAINT `seller_categories_ibfk_1` FOREIGN KEY (`seller_id`) REFERENCES `users` (`id`);

--
-- Constraints for table `vendor_products`
--
ALTER TABLE `vendor_products`
  ADD CONSTRAINT `vendor_products_ibfk_1` FOREIGN KEY (`vendor_id`) REFERENCES `users` (`id`);

--
-- Constraints for table `vendor_profiles`
--
ALTER TABLE `vendor_profiles`
  ADD CONSTRAINT `vendor_profiles_ibfk_1` FOREIGN KEY (`user_id`) REFERENCES `users` (`id`);
COMMIT;

/*!40101 SET CHARACTER_SET_CLIENT=@OLD_CHARACTER_SET_CLIENT */;
/*!40101 SET CHARACTER_SET_RESULTS=@OLD_CHARACTER_SET_RESULTS */;
/*!40101 SET COLLATION_CONNECTION=@OLD_COLLATION_CONNECTION */;
